id,title,artist_channel,language,era,popularity,views,likes,duration_seconds,duration,published_at,youtube_video_id,youtube_url
1,New Song 2026 | New Hindi Song | Teri Yaad Satati Hai | Shahid Kapoor | Alia Bhatt | Romantic Song,Prakash Jojawar,Hindi,2020s,Medium,338208,2150,316,5:16,2026-08-24T02:10:06Z,1OJF22PtAQQ,https://www.youtube.com/watch?v=1OJF22PtAQQ
2,New Song 2026 | New Hindi Song | Mohabbat Hui Hai | Yash | Kiara Advani | New Song,Sagar Bairagi,Hindi,2020s,Low,22282,304,271,4:31,2026-08-24T13:30:02Z,HMjRyqDW18E,https://www.youtube.com/watch?v=HMjRyqDW18E
3,"Gehra Hua - Lyrical (Full Version) | Dhurandhar, Ranveer Singh, Sara A,Shashwat Sachdev,Arijit Singh",Saregama Music,Hindi,2020s,Top Hit,178414304,634915,364,6:04,2026-03-25T11:08:25Z,GVizJ_jpUnw,https://www.youtube.com/watch?v=GVizJ_jpUnw
4,New Song 2026 | New Hindi Song | Dil Haar Gaya | Emraan Hashmi | Disha Patani | Bollywood New Song,Prakash Jojawar,Hindi,2020s,Medium,400830,2482,242,4:02,2026-08-22T02:14:08Z,F4Rd4-0qZL8,https://www.youtube.com/watch?v=F4Rd4-0qZL8
5,Kuch Kuch Hota Hai (Title Track) - 8K/4K Music Video | Shahrukh Khan | Kajol | Rani | Jatin & Lalit,Sony Music India,Hindi,2020s,Very Popular,52056521,227454,309,5:09,2026-03-25T10:30:21Z,_1KqB_17dJE,https://www.youtube.com/watch?v=_1KqB_17dJE
6,New Song 2026 | New Hindi Song | Rihayi De Dil | Yash | Raashi Khanna | New Song,Gaurav Mali,Hindi,2020s,Medium,123073,648,300,5:00,2026-08-23T14:59:20Z,GVf1XJUI8iI,https://www.youtube.com/watch?v=GVf1XJUI8iI
7,DIL KE BADLE SANAM,Udit Narayan - Topic,English/International,2010s,Very Popular,27917824,181203,258,4:18,2015-01-19T05:06:45Z,2LFNbp2_NNY,https://www.youtube.com/watch?v=2LFNbp2_NNY
8,Sheesha (Official Music Video) | Mitta Ror ft. Swara Verma | Sorab Bedi | Niharika Tiwari,Sony Music India,Hindi,2020s,Top Hit,242769536,1424374,195,3:15,2026-03-19T04:30:07Z,aRNfSqsgrgE,https://www.youtube.com/watch?v=aRNfSqsgrgE
9,"Shararat - 8K Video | Dhurandhar | Ranveer Singh, Shashwat S, Jasmine, Madhubanti, Ayesha, Krystle",Saregama Music,Hindi,2020s,Top Hit,124850579,422342,227,3:47,2026-05-04T07:23:07Z,v5jVX0QYwQo,https://www.youtube.com/watch?v=v5jVX0QYwQo
10,Kiska Hai Ye Tumko Intezar Main Hoon Na - Shahrukh Khan | Sonu Nigam | 90s Hits Hindi Songs,AKS Music Studios,Hindi,2020s,Very Popular,25854267,119619,408,6:48,2024-01-13T05:51:59Z,Op_UWVBWj3c,https://www.youtube.com/watch?v=Op_UWVBWj3c
11,Chaahat ❤️ | Salman Khan & Rashmika Mandana | New Hindi Romantic Song 2026 | Nagesh Biswal,Nagesh Biswal,Hindi,2020s,Low,18867,188,346,5:46,2026-08-24T04:02:23Z,Q_vtQCblZVo,https://www.youtube.com/watch?v=Q_vtQCblZVo
12,"Aksar Is Duniya Mein - HD | Akshay Kumar, Sunil Shetty, Mahima Chaudhary | Dhadkan Song, Alka Yagnik",MusicBird Studio,English/International,2020s,Very Popular,18510830,67621,360,6:00,2026-04-25T01:51:28Z,H8g7_YNPQ_g,https://www.youtube.com/watch?v=H8g7_YNPQ_g
13,"Aankhon Se Tune 2.0 | Bhai Tera Star Hai | Raghav, Niharika | Lijo, Dev, Palak, Kumar, Alka, Mohsin",Tips Official,Hindi,2020s,Very Popular,46859284,388871,229,3:49,2026-07-22T07:15:20Z,LX2zshAgECQ,https://www.youtube.com/watch?v=LX2zshAgECQ
14,JAIYE SAJANA (Video): Dhurandhar The Revenge | Ranveer Singh | Shashwat S | Satinder S | Jasmine S,T-Series,Hindi,2020s,Top Hit,272237512,1364631,152,2:32,2026-03-29T06:42:01Z,F2m4HPLvj-4,https://www.youtube.com/watch?v=F2m4HPLvj-4
15,"Aadmi Khilona Hai (I) | Alka Yagnik | Aadmi Khilona Hai 1993 Songs | Meenakshi Sheshadri, Jeetendra",Goldmines Gaane Sune Ansune,English/International,2010s,Top Hit,132431161,367814,312,5:12,2015-09-30T04:35:08Z,D6py1vBNkmA,https://www.youtube.com/watch?v=D6py1vBNkmA
16,New Song 2026 | New Hindi Song | Tanhayi Reh Gayi | Yash | Kiara Advani | New Song,Gaurav Mali,Hindi,2020s,Medium,430856,1899,327,5:27,2026-08-21T15:01:34Z,UcfD5Iuxg40,https://www.youtube.com/watch?v=UcfD5Iuxg40
17,"Bandhu 2.0 | Shahid, Kriti, Rashmika| Pritam | Kavita | Neeraj | Irshad K | Cocktail 2 | 19th June",Sony Music India,Hindi,2020s,Very Popular,51472735,400424,186,3:06,2026-06-17T08:50:17Z,0RxUcKE13ZI,https://www.youtube.com/watch?v=0RxUcKE13ZI
18,"Saajanji Ghar Aaaye - 8K/4K Music Video | Salman Khan, Kajol | Jatin Lalit | Kuch Kuch Hota Hai",Sony Music India,Hindi,2020s,Very Popular,44787405,135252,436,7:16,2026-01-10T10:30:32Z,XWmon1qR6pM,https://www.youtube.com/watch?v=XWmon1qR6pM
19,"Aa Ab Laut Chalen Title Track 💖 8K Video Song (1999) | Udit Narayan, Alka Yagnik",Romantic Gaane,English/International,2020s,Popular,5583503,21061,295,4:55,2026-02-03T07:30:55Z,HAWQgrijALY,https://www.youtube.com/watch?v=HAWQgrijALY
20,"Kya Yahi Pyar Hai (Lyrical Video) | Lata Mangeshkar, Kishore Kumar | Revibe | Hindi Songs",Universal Music India,Hindi,2020s,Very Popular,18700588,83089,385,6:25,2023-09-05T08:30:05Z,L5cQa_QIjBA,https://www.youtube.com/watch?v=L5cQa_QIjBA
21,"Tumhi Ho Bandhu - 8K/4K Music Video | Saif Ai Khan, Deepika Padukone, Diana | Pritam | Cocktail",Sony Music India,Hindi,2020s,Very Popular,13857881,65474,286,4:46,2026-05-28T12:30:37Z,fyno2GRGgVg,https://www.youtube.com/watch?v=fyno2GRGgVg
22,"Aayega Maza Ab Barsaat Ka (From ""Andaaz"")",Alka Yagnik - Topic,English/International,2020s,Very Popular,20557677,148602,328,5:28,2025-06-17T07:07:12Z,zJRLK8Nhcns,https://www.youtube.com/watch?v=zJRLK8Nhcns
23,Banjaare | Barsaat x Spider-Man (Brand New Day Edition),Sony Music India,Hindi,2020s,Very Popular,17160173,258589,189,3:09,2026-07-28T06:32:20Z,42r8Stt-30w,https://www.youtube.com/watch?v=42r8Stt-30w
24,"Kabhi Kabhi Aditi 8K Video Song | Jaane Tu Ya Jaane Na | Imran Khan, Genelia Dsouza | A.R. Rahman",T-Series,Hindi,2020s,Popular,1708809,15202,210,3:30,2026-07-11T09:30:12Z,cSOvELyZbYY,https://www.youtube.com/watch?v=cSOvELyZbYY
25,"Sajan Tumse Pyar - Video Song | Udit Narayan, Alka Yagnik | Salman Khan, Sushmita Sen, Arshad Warsi",T-Series Bollywood Classics,Hindi,2020s,Very Popular,10376520,44980,238,3:58,2026-07-16T09:59:07Z,t0uuQOvOFFA,https://www.youtube.com/watch?v=t0uuQOvOFFA
26,Chand Sifarish,Shaan - Topic,English/International,2010s,Top Hit,144624900,868688,276,4:36,2019-11-04T11:55:49Z,ZaURV4XxdPI,https://www.youtube.com/watch?v=ZaURV4XxdPI
27,"Pal Pal Dil Ke Paas - Title | Arijit Singh | Karan Deol, Sahher | Parampara, Sachet, Rishi Rich",Zee Music Company,Hindi,2010s,Top Hit,350251876,3883099,183,3:03,2019-08-27T03:30:14Z,lgTHGZF3BQw,https://www.youtube.com/watch?v=lgTHGZF3BQw
28,"Dhamaal 4: SAREE MV | Sanju Rathod, Tanishk | Ajay Devgn, Ritiesh Deshmukh, Anjali, Arshad, Jaaved",T-Series,Hindi,2020s,Very Popular,34043883,197671,144,2:24,2026-06-27T13:00:06Z,zAEA3h529ZU,https://www.youtube.com/watch?v=zAEA3h529ZU
29,"Gehra Hua | Dhurandhar | Ranveer Singh, Sara Arjun, Shashwat Sachdev, Arijit Singh, Irshad Kamil",Saregama Music,Hindi,2020s,Top Hit,329977501,1787848,231,3:51,2025-11-28T13:39:01Z,GX9x62kFsVU,https://www.youtube.com/watch?v=GX9x62kFsVU
30,"Jeene Laga Hoon Lyrical - Ramaiya Vastavaiya|Girish Kumar, Shruti Haasan |Atif Aslam, Shreya Ghoshal",Tips Official,Hindi,2010s,Top Hit,946005957,5035628,202,3:22,2013-07-29T05:28:27Z,qpIdoaaPa6U,https://www.youtube.com/watch?v=qpIdoaaPa6U
31,DILBAR Full Song | Satyameva Jayate | John Abraham Nora Fatehi | Tanishk B Neha Kakkar Ikka Dhvani,T-Series,Hindi,2010s,Top Hit,715564710,2231112,177,2:57,2018-08-28T06:28:50Z,TRa9IMvccjg,https://www.youtube.com/watch?v=TRa9IMvccjg
32,Chunnari Chunnari - Biwi No.1 (1999) | Abhijeet | Anuradha Sriram | 90s Hindi Song,Nadeem Shravan Songs,Hindi,2020s,Top Hit,183307880,574381,316,5:16,2025-04-26T11:30:11Z,7SLGxEDyqWo,https://www.youtube.com/watch?v=7SLGxEDyqWo
33,"Tera Mera Rishta - New Version | Awarapan 2 | Emraan, Disha | Mithoon, Saaj, Sayeed, Mustafa",Sony Music India,Hindi,2020s,Very Popular,33868892,492814,372,6:12,2026-08-06T10:03:11Z,6rvUyBiBtik,https://www.youtube.com/watch?v=6rvUyBiBtik
34,"Ik Mulaqaat - Dream Girl | Ayushmann Khurrana, Nushrat Bharucha | Meet Bros Ft. Altamash F & Palak M",Zee Music Company,Hindi,2010s,Top Hit,392094024,2240882,157,2:37,2019-09-03T06:00:27Z,zing4uQ3dR4,https://www.youtube.com/watch?v=zing4uQ3dR4
35,"Badtameez Dil Full Song HD Yeh Jawaani Hai Deewani | PRITAM | Ranbir Kapoor, Deepika Padukone",T-Series,Hindi,2010s,Top Hit,548727750,2798598,271,4:31,2013-06-24T13:08:26Z,II2EO3Nw4m0,https://www.youtube.com/watch?v=II2EO3Nw4m0
36,Rana Ji 2.0 | Mahira Sharma | Tanishk Bagchi | Ila Arun | Alka Yagnik | Rajesh Roshan | Indeevar,Tips Official,Hindi,2020s,Very Popular,34983830,173373,229,3:49,2026-07-27T06:30:23Z,hPZcZpNn3KY,https://www.youtube.com/watch?v=hPZcZpNn3KY
37,Woh Tassavur Ka Aalam - Lyrical | Woh Pyaar Pyaar Pyaar | Udit & Alka | Aitraaz | Bollywood Hit Song,Bollywood Junction,Hindi,2020s,Popular,5568855,11126,262,4:22,2026-04-21T12:30:06Z,4WruHTfXe9Y,https://www.youtube.com/watch?v=4WruHTfXe9Y
38,"Psycho Saiyaan | Saaho | Prabhas, Shraddha Kapoor | Tanishk Bagchi, Dhvani Bhanushali, Sachet Tandon",T-Series,Hindi,2010s,Top Hit,379840127,2487468,132,2:12,2019-07-08T05:31:45Z,G81Ospnlctw,https://www.youtube.com/watch?v=G81Ospnlctw
39,"Chunnari Chunnari - Let’s Go | Hai Jawani Toh Ishq Hona Hai | Varun, Mrunal, Pooja | Akshay & IP",Tips Official,Hindi,2020s,Very Popular,91595243,496853,174,2:54,2026-05-26T06:45:04Z,J_d_Q3pTYcc,https://www.youtube.com/watch?v=J_d_Q3pTYcc
40,"Mashooqa (Full HD Video) Kriti Sanon, Shahid Kapoor, Rashmika Mandanna | Cocktail 2 Songs | Pritam",iPop Superhits,English/International,2020s,Very Popular,23263750,85381,227,3:47,2026-05-28T05:30:12Z,OdpCnQ7U1Qs,https://www.youtube.com/watch?v=OdpCnQ7U1Qs
41,"Tum Pe Marne Lage Hain 4k Hd Video Song  Shikaar  Udit Narayan, Alka Yagnik  Raj Babbar, Kanishka",Eman Kamal,English/International,2020s,Very Popular,22784035,108676,427,7:07,2022-03-04T05:01:58Z,z82EXNeYM3w,https://www.youtube.com/watch?v=z82EXNeYM3w
42,"Arijit Singh - Tujhko (from Cocktail 2) Rashmika Mandanna, Shahid Kapoor & Kriti | Love Song 2026",iPop Superhits,English/International,2020s,Very Popular,16392863,77635,337,5:37,2026-06-04T05:32:10Z,WWIfHemqSEA,https://www.youtube.com/watch?v=WWIfHemqSEA
43,"Sanam Teri Kasam - Lyrical Video | Himesh Reshammiya | Ankit Tiwari, Palak M  | Harshvardhan, Mawra",Sony Music India,Hindi,2020s,Top Hit,362263347,2033844,322,5:22,2025-02-07T08:00:42Z,kKljXVVkgS4,https://www.youtube.com/watch?v=kKljXVVkgS4
44,Inaam - Jasleen Royal Ft. Badshah | Ansh Chahal | Offical Lyrcial Video,Jasleen Royal,English/International,2020s,Very Popular,8989315,122676,179,2:59,2026-04-07T05:34:33Z,6CXKtmRjOto,https://www.youtube.com/watch?v=6CXKtmRjOto
45,"Tera Rang Balle Balle | Bobby, Preity | Jaspinder, Sonu | Soldier (1998) | Bollywood Dance Song",OG Bollywood Songs,Hindi,2020s,Popular,3901271,16871,291,4:51,2026-04-18T12:00:00Z,DwPucujLLkI,https://www.youtube.com/watch?v=DwPucujLLkI
46,Aaye Ho Meri Zindagi Mein | Udit Narayan | Aamir | Karisma | Evergreen Hindi Song,New Music Hindi,Hindi,2020s,Very Popular,45322043,171281,360,6:00,2025-01-08T03:30:04Z,CbFjVMEZA5k,https://www.youtube.com/watch?v=CbFjVMEZA5k
47,"Aavan Jaavan Song | WAR 2 | Hrithik Roshan, Kiara Advani | Pritam, Arijit Singh, Nikhita | Amitabh B",YRF,Hindi,2020s,Top Hit,160071023,857686,240,4:00,2025-07-31T05:41:16Z,enjkcCdAlXc,https://www.youtube.com/watch?v=enjkcCdAlXc
48,"Nachange Saari Raat Full Video Song | JUNOONIYAT | Pulkit Samrat,Yami Gautam| T-Series",T-Series,Hindi,2010s,Top Hit,651531113,2435969,249,4:09,2016-06-30T05:41:04Z,rxMmistOjCA,https://www.youtube.com/watch?v=rxMmistOjCA
49,"Dola Re Dola Re (official Music Video) Shahrukh Khan|Aishwarya Rai, Madhuri Dixit |Devdas|HindiSong",FalguniPathakVEVO,Hindi,2020s,Very Popular,44104370,143814,363,6:03,2025-10-01T11:43:31Z,iZ5UItyEpGE,https://www.youtube.com/watch?v=iZ5UItyEpGE
50,"Radha - 8K/4K Music Video | Alia, Varun, Sidharth | Shreya Ghoshal | Udit Narayan | SOTY",Sony Music India,Hindi,2020s,Very Popular,14869491,96153,286,4:46,2026-01-03T10:30:14Z,EIdVTM1lefk,https://www.youtube.com/watch?v=EIdVTM1lefk
51,New Song 2026 | New Hindi Song | Teri Yaadon ka Safar | Tiger Shroff | Sonam Bajwa | Romantic Song,Prakash Jojawar,Hindi,2020s,Popular,4899835,21961,353,5:53,2026-06-28T02:15:37Z,b3AzLLJpHLQ,https://www.youtube.com/watch?v=b3AzLLJpHLQ
52,"Lyrical | Tum Ho Toh Song | Saiyaara | Ahaan, Aneet | Vishal Mishra, Hansika Pareek | Raj Shekhar",YRF,Hindi,2020s,Top Hit,201999046,660321,317,5:17,2025-07-11T09:30:20Z,8SYPKQMW_2Q,https://www.youtube.com/watch?v=8SYPKQMW_2Q
53,"Aankhein Khuli Song | Mohabbatein | Shah Rukh Khan, Aishwarya Rai | Lata Mangeshkar, Udit Narayan",YRF,Hindi,2010s,Top Hit,657996633,3330476,536,8:56,2014-11-20T15:00:17Z,eM8Mjuq4MwQ,https://www.youtube.com/watch?v=eM8Mjuq4MwQ
54,"Tum Se(Full Video): Shahid, Kriti | Sachin-Jigar,Raghav,Varun,Indraneel |Teri Baaton Mein Uljha Jiya",T-Series,Hindi,2020s,Top Hit,264195760,851493,262,4:22,2024-02-26T12:32:57Z,Nnop2walGmM,https://www.youtube.com/watch?v=Nnop2walGmM
55,"DEEWANIYAT Title Track - Ek Deewane Ki Deewaniyat | Harshvardhan Sonam | Vishal ,KaushikGuddu,Kunaal",Play DMF,English/International,2020s,Top Hit,386534716,2262983,240,4:00,2025-08-29T05:30:01Z,Qo4IOTAbGAM,https://www.youtube.com/watch?v=Qo4IOTAbGAM
56,KK | Zara Sa - Audio Lyrical | Emraan Hashmi | Sonal Chauhan | Pritam | Sayeed Quadri | Jannat,Sony Music India,Hindi,2020s,Top Hit,154053722,651007,308,5:08,2025-04-09T07:40:24Z,-8C_2BBVWk8,https://www.youtube.com/watch?v=-8C_2BBVWk8
57,Kuch Kuch Hota Hai: Title Track | 4K Video | Shah Rukh Khan| Kajol| Rani| Alka Yagnik |Udit Narayan,Sony Music India,Hindi,2020s,Top Hit,284714279,1181854,309,5:09,2023-10-03T06:00:20Z,bKZTnnFU9HA,https://www.youtube.com/watch?v=bKZTnnFU9HA
58,New Song 2026 | New Hindi Song | Reh Gayi Tanhayi | Yash | Kriti Sanon | New Song,Gaurav Mali,Hindi,2020s,Popular,2046778,7286,247,4:07,2026-07-24T14:41:16Z,LsubNKJ-emA,https://www.youtube.com/watch?v=LsubNKJ-emA
59,"TAMMA TAMMA (Full Video) | Dhurandhar The Revenge | Ranveer Singh | Sanjay Dutt | Bappi L,Anuradha P",T-Series,Hindi,2020s,Very Popular,17276921,91151,220,3:40,2026-06-06T06:30:03Z,PQHeOb0Q9oo,https://www.youtube.com/watch?v=PQHeOb0Q9oo
60,Na Tum Jano Na Hum - Kaho Naa Pyaar Hai | Hrithik Roshan & Ameesha Patel | Lucky Ali |Rajesh Roshan,Zee Music Company,Hindi,2020s,Very Popular,61738671,146067,319,5:19,2024-12-26T02:30:32Z,eSxo4l-epv8,https://www.youtube.com/watch?v=eSxo4l-epv8
61,Ishq De Fanniyar - Female | Fukrey Returns | Pulkit Samrat & Priya Anand | Jyotica Tangri | Lyrical,Zee Music Company,Hindi,2020s,Very Popular,19946847,116435,180,3:00,2026-04-17T13:49:38Z,7SEFsalTzHQ,https://www.youtube.com/watch?v=7SEFsalTzHQ
62,"TAMMA TAMMA 8K Video Song | Dhurandhar The Revenge | Ranveer Singh, Sanjay Dutt | Bappi L,Anuradha P",T-Series,Hindi,2020s,Popular,2950007,20608,218,3:38,2026-07-15T11:30:07Z,bW2_vX38MFE,https://www.youtube.com/watch?v=bW2_vX38MFE
63,Barso Re - 8K/4K Music Video | Aishwarya Rai | A.R. Rahman | Shreya Ghoshal Guru | Monsoon Song,Sony Music India,Hindi,2020s,Popular,4630331,24988,287,4:47,2026-07-18T08:30:17Z,ufJQA2KUf4g,https://www.youtube.com/watch?v=ufJQA2KUf4g
64,Tum Hi Ho,Arijit Singh - Topic,English/International,2010s,Top Hit,198402026,1531821,262,4:22,2015-06-23T16:19:30Z,fsiPzT50ZiM,https://www.youtube.com/watch?v=fsiPzT50ZiM
65,"Tujhe Dekha Toh Song | Dilwale Dulhania Le Jayenge | Shah Rukh Khan, Kajol | Lata, Kumar Sanu | DDLJ",YRF,Hindi,2010s,Top Hit,309783924,1407318,314,5:14,2014-10-17T11:40:38Z,cNV5hLSa9H8,https://www.youtube.com/watch?v=cNV5hLSa9H8
66,"JAWAN: Chaleya (Hindi) | Shah Rukh Khan | Nayanthara | Atlee | Anirudh | Arijit S, Shilpa R | Kumaar",T-Series,Hindi,2020s,Top Hit,660649858,3900106,188,3:08,2023-08-14T06:19:10Z,VAdGW7QDJiU,https://www.youtube.com/watch?v=VAdGW7QDJiU
67,Hawa Hawa Full Song | Hassan Jahangir |  90's Songs | Ishtar Music,Ishtar Music,English/International,2010s,Top Hit,132834675,751160,376,6:16,2017-10-16T06:46:24Z,X8t8axbZnH8,https://www.youtube.com/watch?v=X8t8axbZnH8
68,"""Senorita Zindagi Na Milegi Dobara"" Full HD Video Song | Farhan Akhtar, Hrithik Roshan, Abhay Deol",T-Series,Hindi,2010s,Top Hit,172178634,793776,232,3:52,2012-09-22T13:48:30Z,yDv0WSgXJVg,https://www.youtube.com/watch?v=yDv0WSgXJVg
69,"Saree Ke Fall Sa - Full Video | Shahid, Sonakshi | Antara Mitra, Nakash Aziz | R...Rajkumar | Pritam",Sony Music India,Hindi,2010s,Top Hit,275187557,1402170,248,4:08,2014-03-14T09:50:23Z,EkxOXF9J77w,https://www.youtube.com/watch?v=EkxOXF9J77w
70,"Dard Karaara | Full Song | Dum Laga Ke Haisha, Ayushmann Khurrana, Bhumi, Kumar Sanu, Sadhana Sargam",YRF,Hindi,2010s,Top Hit,442977688,1528232,262,4:22,2015-03-13T12:32:59Z,2CeoFnb16l4,https://www.youtube.com/watch?v=2CeoFnb16l4
71,Barsaat Ke Mausam Mein | Naajayaz | Naseeruddin Shah | Kumar Sanu | Roop Kumar Rathod | Hindi Song,Bollywood Gaane,Hindi,2020s,Top Hit,115611820,416254,339,5:39,2024-07-11T02:30:30Z,iTIJMy5Bc7o,https://www.youtube.com/watch?v=iTIJMy5Bc7o
72,"Pehla Nasha Pehla khumar Full HD l Udit Narayan,Sadhana sargaml Jo jeeta wohi sikandar",Rakib Sultan Music,English/International,2020s,Top Hit,128219699,486791,259,4:19,2022-03-31T03:58:01Z,SBfPs-PMGTA,https://www.youtube.com/watch?v=SBfPs-PMGTA
73,"Dhoom Machale Song | DHOOM, Esha Deol, John Abraham, Abhishek, Uday, Sunidhi Chauhan, Pritam, Sameer",YRF,Hindi,2010s,Top Hit,425260228,1469875,301,5:01,2015-05-04T05:32:33Z,2uUmHTgT65I,https://www.youtube.com/watch?v=2uUmHTgT65I
74,"Dil To Pagal Hai Song | Shah Rukh Khan, Madhuri, Karisma, Akshay | Lata Mangeshkar, Udit Narayan",YRF,Hindi,2010s,Top Hit,575559611,1434266,347,5:47,2015-01-09T11:57:49Z,lZ2PhyBF3GQ,https://www.youtube.com/watch?v=lZ2PhyBF3GQ
75,"Saat Samundar Paar Main Tere | HD VIDEO SONG | Vishwatma 1992 | Sadhana Sargam, Sunny Deol, Divya",90smusically,English/International,2020s,Very Popular,19976200,92957,440,7:20,2024-10-14T10:35:45Z,BjJSw-jjf8w,https://www.youtube.com/watch?v=BjJSw-jjf8w
76,Panna Ki Tamanna Hai | Evergreen Bollywood Romantic Song | 70s Superhit | Motivation Rig,RetroBass India,Hindi,2020s,Very Popular,9860995,29206,306,5:06,2026-04-24T05:00:02Z,axYSSfnxRs0,https://www.youtube.com/watch?v=axYSSfnxRs0
77,Main Agar Saamne | Raaz | Dino Morea | Bipasha Basu | Abhijeet & Alka Yagnik | Hindi Hit Songs,Tips Official,Hindi,2010s,Top Hit,613077365,1961658,322,5:22,2010-02-22T06:25:18Z,B2aHXbnu9dI,https://www.youtube.com/watch?v=B2aHXbnu9dI
78,"Raataan Lambiyan - Lyric Video | Shershaah | Sidharth, Kiara | Tanishk B. | Jubin | Asees",Sony Music India,Hindi,2020s,Top Hit,791773945,3772058,234,3:54,2021-08-31T07:00:28Z,orYf6VDtj_k,https://www.youtube.com/watch?v=orYf6VDtj_k
79,"Sahiba Lyrics - Aditya Rikhari • saahiba, aaye ghar kaahe na",Vibe Bird,English/International,2020s,Top Hit,173651425,949784,190,3:10,2025-07-05T12:55:43Z,ZhhBlQC_5N8,https://www.youtube.com/watch?v=ZhhBlQC_5N8
80,"Tera Fitoor Lyrical - Genius | Utkarsh Sharma, Ishita Chauhan | Arijit Singh | Himesh Reshammiya",Tips Official,Hindi,2010s,Top Hit,915507054,4618672,334,5:34,2018-07-17T11:04:57Z,qfdShSZZxlg,https://www.youtube.com/watch?v=qfdShSZZxlg
81,"𝐊𝐚𝐥𝐚 𝐂𝐡𝐚𝐬𝐡𝐦𝐚 🕶️ | Baar Baar Dekho | Sidharth M & Katrina Kaif | Badshah, Neha Kakkar, Prem & Hardeep",Zee Music Company,Hindi,2010s,Top Hit,1195402585,4190007,174,2:54,2016-07-27T04:28:59Z,k4yXQkG2s1E,https://www.youtube.com/watch?v=k4yXQkG2s1E
82,Heeriye (Official Video) Jasleen Royal ft Arijit Singh| Dulquer Salmaan| Aditya Sharma |Taani Tanvir,Jasleen Royal,English/International,2020s,Top Hit,503949569,3552499,199,3:19,2023-07-25T07:41:09Z,RLzC55ai0eo,https://www.youtube.com/watch?v=RLzC55ai0eo
83,Official Video: Humnava Mere Song | Jubin Nautiyal | Manoj Muntashir | Rocky - Shiv | Bhushan Kumar,T-Series,Hindi,2010s,Top Hit,1313106092,8610428,407,6:47,2018-05-23T05:31:53Z,TmRgK-pXH9c,https://www.youtube.com/watch?v=TmRgK-pXH9c
84,"Param Sundari - Full Song | Mimi | Kriti Sanon, Pankaj T | A.R. Rahman | Shreya | Amitabh",Sony Music India,Hindi,2020s,Top Hit,286802619,1249402,201,3:21,2021-10-08T08:37:11Z,nfNc0XJdZWk,https://www.youtube.com/watch?v=nfNc0XJdZWk
85,Shaan - Tanha Dil Tanha Safar (Music Video) | Popular Hindi Song,Universal Music India,Hindi,2020s,Popular,8570665,50857,241,4:01,2024-09-25T05:30:57Z,64KSVbMDr0c,https://www.youtube.com/watch?v=64KSVbMDr0c
86,"'Chittiyaan Kalaiyaan' FULL VIDEO SONG | Roy | Meet Bros Anjjan, Kanika Kapoor | T-SERIES",T-Series,Hindi,2010s,Top Hit,1055286572,4339870,187,3:07,2015-02-19T06:35:14Z,zpsVpnvFfZQ,https://www.youtube.com/watch?v=zpsVpnvFfZQ
87,Agar Tum Saath Ho | Tamasha | Alka Yagnik Arijit Singh | Lyrics Song,Sankalp,English/International,2020s,Very Popular,45503436,414353,342,5:42,2023-03-25T17:20:19Z,dhY8jRNELUc,https://www.youtube.com/watch?v=dhY8jRNELUc
88,"O Meri Laila Lyrics - Atif Aslam, Jyotica Tangri | Laila Majnu | Trending Hindi Song",Vibe Bird,Hindi,2020s,Very Popular,11344726,80848,283,4:43,2024-08-23T13:19:05Z,6tFM-QTzmxU,https://www.youtube.com/watch?v=6tFM-QTzmxU
89,"Lyrical: Tum Hi Aana | Marjaavaan | Riteish D, Sidharth M, Tara S |Jubin Nautiyal,Payal Dev,Kunaal V",T-Series,Hindi,2010s,Top Hit,1345697292,6756329,267,4:27,2019-10-15T06:34:39Z,tLqtnGLfm4Q,https://www.youtube.com/watch?v=tLqtnGLfm4Q
90,'Sooraj Dooba Hain' FULL VIDEO SONG | Arijit singh Aditi Singh Sharma | T-SERIES,T-Series,Hindi,2010s,Top Hit,381159587,2130691,248,4:08,2015-02-19T06:02:51Z,nJZcbidTutE,https://www.youtube.com/watch?v=nJZcbidTutE
91,"Lyrical: Hamein Tumse Hua Hai Pyar |Alka Y|Udit N|Anu Malik|Sameer|Akshay Kumar,Divya Khosla Kumar",T-Series Bollywood Classics,Hindi,2010s,Top Hit,550584634,1635644,362,6:02,2019-09-15T09:30:02Z,siw7-MTgE4s,https://www.youtube.com/watch?v=siw7-MTgE4s
92,Full Video: Hookah Bar | Khiladi 786 | Akshay Kumar & Asin | Himesh Reshammiya,T-Series,Hindi,2010s,Top Hit,1024935917,3962296,175,2:55,2012-11-08T07:12:33Z,b4b1cMVZOUU,https://www.youtube.com/watch?v=b4b1cMVZOUU
93,Afghan Jalebi (Ya Baba) FULL VIDEO Song | Phantom | Saif Ali Khan Katrina Kaif Pritam Asrar T-Series,T-Series,Hindi,2010s,Top Hit,676554172,2715183,206,3:26,2015-09-25T13:23:20Z,zC3UbTf4qrM,https://www.youtube.com/watch?v=zC3UbTf4qrM
94,Subha Hone Na De,Pritam - Topic,English/International,2010s,Top Hit,165754024,825146,289,4:49,2014-06-09T22:40:00Z,_wMsvhz8YSk,https://www.youtube.com/watch?v=_wMsvhz8YSk
95,Bairan 💗 New Haryanvi Song| Heart Touching Love Story | Viral Song 2026 #bairan #bairansong,Awaaj De,English/International,2020s,Very Popular,10163784,0,294,4:54,2026-04-08T10:44:00Z,-MPHg4wPiyg,https://www.youtube.com/watch?v=-MPHg4wPiyg
96,"Vaaste Song: Dhvani Bhanushali, Tanishk Bagchi | Nikhil D'Souza | Bhushan Kumar | Radhika R, Vinay S",T-Series,Hindi,2010s,Top Hit,1753367552,13985502,267,4:27,2019-04-06T11:56:37Z,BBAyRBTfsOU,https://www.youtube.com/watch?v=BBAyRBTfsOU
97,Atif Aslam: Pehli Dafa Song (Video) | Ileana D’Cruz | Latest Hindi Song 2017 | T-Series,T-Series,Hindi,2010s,Top Hit,486658439,3073289,283,4:43,2017-01-06T06:30:39Z,SxTYjptEzZs,https://www.youtube.com/watch?v=SxTYjptEzZs
98,"Tere Vaaste | Full Video | Zara Hatke Zara Bachke | Vicky, Sara, Varun J, Sachin-Jigar, Amitabh B",Saregama Music,Hindi,2020s,Top Hit,226084709,606633,203,3:23,2023-07-14T08:00:27Z,g5WZLO8BAC8,https://www.youtube.com/watch?v=g5WZLO8BAC8
99,"""Kabira Full Song"" Yeh Jawaani Hai Deewani | Pritam | Ranbir Kapoor, Deepika Padukone",T-Series,Hindi,2010s,Top Hit,620009547,3299113,252,4:12,2013-07-10T08:03:53Z,jHNNMj5bNQw,https://www.youtube.com/watch?v=jHNNMj5bNQw
100,"Phoolon Sa Chehra Tera | Anari | Hindi Song | Udit Narayan | Rang Tera Dekh Ke, Roop Tera Dekh Ke",Bollywood Blockbusters,Hindi,2020s,Popular,1332428,3098,333,5:33,2025-02-25T01:30:27Z,oN-t0B1F6n8,https://www.youtube.com/watch?v=oN-t0B1F6n8
101,"Full Video: Akh Lad Jaave | Loveyatri | Aayush S|Warina H |Badshah, Tanishk Bagchi,Jubin N, ,Asees K",T-Series,Hindi,2010s,Top Hit,442082529,2338671,181,3:01,2018-10-26T13:30:01Z,e_vl5aFXB4Q,https://www.youtube.com/watch?v=e_vl5aFXB4Q
102,Naino Ne Baandhi - Lyrical | Gold | Akshay Kumar | Mouni Roy | Arko | Yasser Desai,Zee Music Company,Hindi,2010s,Top Hit,564829438,1836459,250,4:10,2018-07-19T10:59:01Z,Y9ozt29tzgs,https://www.youtube.com/watch?v=Y9ozt29tzgs
103,"Ho Gaya Hai Tujhko | Full Song | Dilwale Dulhania Le Jayenge, Shah Rukh Khan, Kajol, Lata Mangeshkar",YRF,Hindi,2010s,Top Hit,485156313,1863485,337,5:37,2014-10-17T11:40:52Z,hw_HpTI_Wkw,https://www.youtube.com/watch?v=hw_HpTI_Wkw
104,Tum Tak - Lyrical Video | Raanjhanaa | Dhanush | Sonam Kapoor | A. R. Rahman,SonyMusicIndiaVEVO,English/International,2020s,Very Popular,12973603,64327,305,5:05,2025-06-13T07:00:02Z,1nWQs6IxTrY,https://www.youtube.com/watch?v=1nWQs6IxTrY
105,"Pardesiya - Param Sundari | Sidharth M, Janhvi K | Sachin-Jigar, Sonu Nigam, Krishnakali, Amitabh B",Universal Music India,English/International,2020s,Top Hit,146049085,804190,178,2:58,2025-07-30T06:42:01Z,N4wK3NtVRT0,https://www.youtube.com/watch?v=N4wK3NtVRT0
106,"Kaho_Na_Kaho_–_amir_jamal,_anu_malik___imran_Hashmi🔥💋💋♥️♥️🥀)",Raju  singh Rani singh,English/International,2020s,Very Popular,31003220,126843,310,5:10,2026-01-18T16:47:17Z,83XjsvPnKiE,https://www.youtube.com/watch?v=83XjsvPnKiE
107,Hona Tha Pyar- Atif Aslam(Lyrics),Murphy Way,English/International,2020s,Very Popular,10407983,94366,223,3:43,2022-03-11T09:48:11Z,qLNplZnKljQ,https://www.youtube.com/watch?v=qLNplZnKljQ
108,Akshath - Nadaaniyan (Official Video) Aisha Ahmed,Akshath,English/International,2020s,Top Hit,250626832,1774135,170,2:50,2024-06-26T06:30:04Z,gPpQNzQP6gE,https://www.youtube.com/watch?v=gPpQNzQP6gE
109,"Makhna - Drive | Sushant Singh Rajput, Jacqueline Fernandez | Tanishk Bagchi, Asees Kaur",Zee Music Company,Hindi,2010s,Top Hit,670814709,3960605,194,3:14,2019-10-03T06:33:28Z,HqUeSjsYLNU,https://www.youtube.com/watch?v=HqUeSjsYLNU
110,Bom Diggy Diggy  (VIDEO) | Zack Knight | Jasmin Walia | Sonu Ke Titu Ki Sweety,T-Series,Hindi,2010s,Top Hit,1437869147,5826276,202,3:22,2018-02-08T08:24:30Z,yIIGQB6EMAM,https://www.youtube.com/watch?v=yIIGQB6EMAM
111,"Chogada Video Song | Loveyatri | Aayush Sharma | Warina Hussain | Darshan Raval, Lijo-DJ Chetas",T-Series,Hindi,2010s,Top Hit,223030009,1185158,154,2:34,2018-08-14T05:30:20Z,BzcKINXf-rs,https://www.youtube.com/watch?v=BzcKINXf-rs
112,Aapke Pyaar Mein Hum (Love Song❤️) Raaz | Dino Morea & Malini Sharma | Bipasha Basu | Alka Yagnik,Hot Hits Hindi,Hindi,2020s,Very Popular,18088173,62126,328,5:28,2023-07-15T04:30:10Z,cUoKV_HEtTI,https://www.youtube.com/watch?v=cUoKV_HEtTI
113,"Na Kajre Ki Dhaar [4k Song] | Suniel Shetty, Poonam Jhaver | Mohra (1994) | Popular Romantic Songs",Shemaroo Filmi Gaane,English/International,2020s,Very Popular,13495378,35680,225,3:45,2025-02-14T12:30:43Z,fPbDOCBx11w,https://www.youtube.com/watch?v=fPbDOCBx11w
114,Pyaar De - Full Video | Beiimaan Love | Sunny Leone & Rajniesh Duggall | Ankit Tiwari | Abhyendra U,Romance Rewind,English/International,2020s,Very Popular,17721434,29704,325,5:25,2025-05-03T13:30:47Z,yfghL_fey3A,https://www.youtube.com/watch?v=yfghL_fey3A
115,Aaj Phir Video Song | Hate Story 2 | Arijit Singh | Jay Bhanushali | Surveen Chawla,T-Series,Hindi,2010s,Top Hit,189578409,672705,180,3:00,2014-06-06T11:58:04Z,RalvLaiSZa0,https://www.youtube.com/watch?v=RalvLaiSZa0
116,Tum Se Hi,Pritam - Topic,English/International,2010s,Top Hit,145690775,664681,322,5:22,2017-03-23T08:36:50Z,I94fhjQ-U30,https://www.youtube.com/watch?v=I94fhjQ-U30
117,Pyaar De | Sunny Leone & Rajniesh Duggall | Ankit Tiwari | Beiimaan Love,Bollywood Love Junction 24x7,Hindi,2020s,Medium,809206,2345,325,5:25,2026-06-07T10:30:29Z,fjRlZAHeVYc,https://www.youtube.com/watch?v=fjRlZAHeVYc
118,"Sitaare | Ikkis | Agastya Nanda, Simar Bhatia, Dharmendra Deol, Jaideep A | Arijit Singh, Amitabh B",Sony Music India,Hindi,2020s,Top Hit,184558381,1422164,196,3:16,2025-12-03T12:10:16Z,nDjloeIB3Pc,https://www.youtube.com/watch?v=nDjloeIB3Pc
119,"Tu Hi Mera Dil Hai Video Song ( Hindi ) | Raajahyog | Sai Ronakh, Ankita Saha | Ram Ganapathi | Arun",Aditya Music Hindi,Hindi,2020s,Top Hit,185775868,394640,283,4:43,2024-10-06T03:30:07Z,D661Xpi34iA,https://www.youtube.com/watch?v=D661Xpi34iA
120,"Saanson Ko - 4K Music Video | ZiD | Mannara, Karanvir | Arijit Singh | Sharib Toshi | Romantic Hits",Sony Music India,Hindi,2020s,Top Hit,123864571,282404,245,4:05,2024-08-11T05:30:30Z,wsflx5Zr5p4,https://www.youtube.com/watch?v=wsflx5Zr5p4
121,"Tu Hain Toh | Mr. & Mrs. Mahi | Rajkummar Rao, Janhvi Kapoor | Hunny, Bunny, Sagar | Team Jaani",Sony Music India,Hindi,2020s,Top Hit,203460337,669061,190,3:10,2024-06-03T11:30:12Z,TVbI55pDdaI,https://www.youtube.com/watch?v=TVbI55pDdaI
122,Chaaha Hai Tujhko | Aamir | Manisha | Udit Narayan | Anuradha Paudwal | Mann  (1999) | Romantic Song,Shemaroo Romantic Songs,English/International,2020s,Top Hit,96152910,477056,273,4:33,2023-07-05T14:30:25Z,k4QJovSsEWU,https://www.youtube.com/watch?v=k4QJovSsEWU
123,Tere Sang Yaara - Rustom | Akshay Kumar & Ileana D'cruz | Arko | Manoj Muntashir,Zee Music Company,Hindi,2010s,Top Hit,417253016,1034696,141,2:21,2016-07-06T02:30:07Z,5gwy0gcjIkI,https://www.youtube.com/watch?v=5gwy0gcjIkI
124,90s Romantic Song | Madhosh Dil Ki Dhadkan | Lata Mangeshkar | Salman Khan | Twinkle Khanna,Tips Official,Hindi,2010s,Very Popular,74074365,257999,298,4:58,2010-02-08T18:52:04Z,mnOs6GTZwhA,https://www.youtube.com/watch?v=mnOs6GTZwhA
125,Kabhi Shaam Dhale | 60s–70s Retro Romantic Song | Old Bollywood Vibes,Old Love Melodies,Hindi,2020s,Very Popular,12723534,86289,483,8:03,2026-04-01T12:34:00Z,Q5MtXJ3DbcU,https://www.youtube.com/watch?v=Q5MtXJ3DbcU
126,कभी शाम ढाले  ❤️ | Old Is Gold Hindi | Evergreen Romantic Song #oldsong,Rahi Music India,Hindi,2020s,Popular,2761264,12207,583,9:43,2026-06-30T02:07:47Z,8hG45qdySdo,https://www.youtube.com/watch?v=8hG45qdySdo
127,"LYRICAL: DIL JAANIYE | Khandaani Shafakhana | Sonakshi S, Priyansh | Jubin N ,Tulsi Kumar,Payal Dev",T-Series,Hindi,2010s,Top Hit,238513074,999090,302,5:02,2019-07-22T13:14:02Z,pDRkHkmHdx0,https://www.youtube.com/watch?v=pDRkHkmHdx0
128,"SIMMBA: Tere Bin | Ranveer Singh, Sara Ali Khan | Tanishk Bagchi, Rahat Fateh Ali Khan, Asees Kaur",T-Series,Hindi,2010s,Top Hit,673844209,3025085,216,3:36,2018-12-14T05:30:26Z,hejXc_FSYb8,https://www.youtube.com/watch?v=hejXc_FSYb8
129,New Song 2026 | New Hindi Song | Pyar Ho Gaya | Prabhas | Romantic Song | New Song,Music World,Hindi,2020s,Popular,1413742,5382,190,3:10,2026-07-23T13:05:25Z,-8zYOA-Aaew,https://www.youtube.com/watch?v=-8zYOA-Aaew
130,"SANAM RE Title  Song FULL VIDEO | Pulkit Samrat, Yami Gautam, Urvashi Rautela | Divya Khosla Kumar",T-Series,Hindi,2010s,Top Hit,953018743,4063626,270,4:30,2016-02-26T14:45:49Z,DS-raAyMxl4,https://www.youtube.com/watch?v=DS-raAyMxl4
131,"Duniyaa (From ""Luka Chuppi"")",Akhil - Topic,English/International,2010s,Top Hit,221922909,1157801,223,3:43,2019-02-22T03:27:58Z,h3EuilWNquo,https://www.youtube.com/watch?v=h3EuilWNquo
132,"Yaariyan Love Me Thoda Aur (Full Video) |Arijit Singh |Himansh K, Rakul P|Pritam |Divya Khosla Kumar",T-Series,Hindi,2010s,Top Hit,113064416,1060922,274,4:34,2014-01-22T08:30:01Z,lz1-1Q8Gync,https://www.youtube.com/watch?v=lz1-1Q8Gync
133,"Tum Hi Ho Song Aashiqui 2 | Music By Mithoon | Aditya Roy Kapur, Shraddha Kapoor",T-Series,Hindi,2010s,Top Hit,179078754,1152642,141,2:21,2013-03-24T03:56:54Z,NUo8CKI34o4,https://www.youtube.com/watch?v=NUo8CKI34o4
134,Ye Tune Kya Kiya - Javed Bashir (Lyrics) | Lyrical Bam Hindi,LYRICAL BAM HINDI,Hindi,2020s,Top Hit,169120889,1228791,264,4:24,2024-03-23T10:30:03Z,4yZ-mn0u8NE,https://www.youtube.com/watch?v=4yZ-mn0u8NE
135,Tere Liye - Atif Aslam & Shreya Ghoshal (Lyrics) | Lyrical Bam Hindi,LYRICAL BAM HINDI,Hindi,2020s,Very Popular,23769738,167292,275,4:35,2025-05-20T10:30:36Z,oQaWXlsSW2c,https://www.youtube.com/watch?v=oQaWXlsSW2c
136,"Dil Meri Na Sune - Lyrics | Genius |Utkarsh, Ishita |Atif Aslam, Himesh Reshammiya | Hindi Love Song",90's Hits,Hindi,2020s,Very Popular,41231334,203281,237,3:57,2025-01-31T02:00:24Z,Z-ku_0b-70w,https://www.youtube.com/watch?v=Z-ku_0b-70w
137,"Pyar Ki Ek Kahani HD Song | Hrithik Roshan, Priyanka | Shreya Ghosal, Sonu Nigam | 90's Hits Song",Itz Sayani,English/International,2020s,Very Popular,31317083,105457,503,8:23,2023-08-20T05:31:49Z,mTdJf1EX5tA,https://www.youtube.com/watch?v=mTdJf1EX5tA
138,Heropanti: Rabba Video Song | Mohit Chauhan | Tiger Shroff | Kriti Sanon,T-Series,Hindi,2010s,Top Hit,331036076,1548091,148,2:28,2014-05-02T08:13:10Z,o4mHtJLgMLs,https://www.youtube.com/watch?v=o4mHtJLgMLs
139,"'AGAR TUM SAATH HO' Full AUDIO song | Tamasha | Ranbir Kapoor, Deepika Padukone | New Song 2024",Sadabahar Gane,English/International,2020s,Very Popular,21423593,0,632,10:32,2024-10-02T09:43:10Z,zCjRVABSHUs,https://www.youtube.com/watch?v=zCjRVABSHUs
140,"Vaaste Official Video Song | Dhvani Bhanushali, TanishkBagchi | Bhushan K |RadhikaRao, Vinay S",Zara Music,English/International,2020s,Very Popular,36713779,251322,315,5:15,2025-06-13T06:39:18Z,yldH_uAxLEg,https://www.youtube.com/watch?v=yldH_uAxLEg
141,"Dil Kehta Hai | Akele Hum Akele Tum | Kumar Sanu, Alka Yagnik | Aamir Khan | 90s Love Song",Ishtar Music,English/International,2020s,Top Hit,340873608,1037753,403,6:43,2020-11-13T05:30:03Z,PqiddY3o3aY,https://www.youtube.com/watch?v=PqiddY3o3aY
142,"Full Song: Pehla Pyaar | Kabir Singh | Shahid Kapoor, Kiara Advani | Armaan Malik | Vishal Mishra",T-Series,Hindi,2010s,Top Hit,201357087,1123802,273,4:33,2019-07-06T05:53:47Z,B7SkAq_94J8,https://www.youtube.com/watch?v=B7SkAq_94J8
143,"Chahun Main Ya Naa Full Video Song Aashiqui 2 | Aditya Roy Kapur, Shraddha Kapoor",T-Series,Hindi,2010s,Top Hit,570575189,4159869,241,4:01,2013-05-16T08:40:04Z,VdyBtGaspss,https://www.youtube.com/watch?v=VdyBtGaspss
144,"Pee Loon (Lyrics) | Once Upon A Time in Mumbai |Mohit Chauhan | Pritam | Emraan Hashmi, Prachi Desai",SYMPHONY,English/International,2020s,Very Popular,30638712,261681,285,4:45,2022-05-15T12:28:01Z,Nbr_KJT0TIc,https://www.youtube.com/watch?v=Nbr_KJT0TIc
145,Tu Hi Haqeeqat,Pritam - Topic,English/International,2010s,Very Popular,60539408,397513,303,5:03,2015-08-11T23:52:21Z,2CAiycLVy7s,https://www.youtube.com/watch?v=2CAiycLVy7s
146,"""Teri Meri Prem Kahani Bodyguard"" (Video Song) Feat. 'Salman khan'",T-Series,Hindi,2010s,Top Hit,414197097,2997213,161,2:41,2011-08-21T13:37:17Z,tyxswccv-VU,https://www.youtube.com/watch?v=tyxswccv-VU
147,"Tum Hi Aana Full Video | Marjaavaan | Riteish D, Sidharth M, Tara S | Jubin N | Payal Dev Kunaal V",T-Series,Hindi,2010s,Top Hit,510453977,3708340,235,3:55,2019-11-24T07:36:05Z,RemShT6JAHw,https://www.youtube.com/watch?v=RemShT6JAHw
148,Bewafai Ka Sila – Aarzoo Khaan | Emotional Hindi Sad Song | New Song 2026 | Arijit Singh Vibe,Aarzoo Khaan,Hindi,2020s,Medium,99411,779,376,6:16,2026-08-23T01:30:11Z,ERg25PTXbn8,https://www.youtube.com/watch?v=ERg25PTXbn8
149,Phir Bhi Tumko Chaahunga,Mithoon - Topic,English/International,2010s,Very Popular,54582528,410684,352,5:52,2018-11-16T12:32:06Z,q1uPPBJ2tcI,https://www.youtube.com/watch?v=q1uPPBJ2tcI
150,90s का सबसे दर्द भरा गाना 💔 Har Ek Muskurahat Muskan Nahi Hoti 💔 Alka Yagnik 💔 दिल छू लेने वाला गाना,Duet Hindi Songs,Hindi,2020s,Popular,6154508,26499,531,8:51,2026-04-03T11:30:25Z,UGLX16_x1Lw,https://www.youtube.com/watch?v=UGLX16_x1Lw
151,"Ae Dil Hai Mushkil Title Track (From ""Ae Dil Hai Mushkil"")",Pritam - Topic,English/International,2010s,Top Hit,156020514,1074460,270,4:30,2017-02-20T08:57:32Z,wx89ZdkwtS8,https://www.youtube.com/watch?v=wx89ZdkwtS8
152,Mujhko Dafna Kar Wo Jab Wapas Jayenge (Song): Sonu Nigam | Bewafa Sanam | Hindi Sad Song,Pop Chartbusters,Hindi,2020s,Popular,9267397,48875,308,5:08,2026-05-22T13:30:23Z,bjP8CMXiq5c,https://www.youtube.com/watch?v=bjP8CMXiq5c
153,New Sad Song Hindi 2026 | Hindi Sad Song | Sad Songs | New Sad Song,gaming editor ff,Hindi,2020s,Medium,827919,4670,199,3:19,2026-07-01T10:28:53Z,9EE-FHd1384,https://www.youtube.com/watch?v=9EE-FHd1384
154,"Kiska Rasta Dekhe  (Official Lyric Video) | Kishore Kumar | Dev Anand,Hema Malini,Raakhee | Joshila",Universal Music India,English/International,2020s,Very Popular,11948280,77807,254,4:14,2024-02-20T10:30:51Z,E0PBNCDACCU,https://www.youtube.com/watch?v=E0PBNCDACCU
155,Barsaat - Banjaare (Official Video),Banjaare,English/International,2020s,Very Popular,26103295,403418,186,3:06,2026-07-09T04:30:33Z,ebZj_nrmH-c,https://www.youtube.com/watch?v=ebZj_nrmH-c
156,Itna Mat Tarsa – Aarzoo Khaan | Emotional Hindi Sad Song | New Song 2026 | Arijit Singh Vibe,Aarzoo Khaan,Hindi,2020s,Low,33607,277,336,5:36,2026-08-24T01:30:17Z,l4vuKIY68PY,https://www.youtube.com/watch?v=l4vuKIY68PY
157,"Dhokebaaz (Video) Jaani | Afsana Khan | Vivek Anand Oberoi, Tridha Choudhury | VYRL Originals",Universal Music India,English/International,2020s,Top Hit,323180699,1763523,267,4:27,2022-04-29T05:30:05Z,8-gxHIOSZNA,https://www.youtube.com/watch?v=8-gxHIOSZNA
158,Tujhe Main Pyar Karoon ( LYRICS ) ( 1920 Movie ) Kailash Kher || @WorldFamousLyrics,WORLD FAMOUS LYRICS,English/International,2020s,Very Popular,40113062,432236,307,5:07,2021-11-30T03:30:15Z,rjVOoCdsZsg,https://www.youtube.com/watch?v=rjVOoCdsZsg
159,Dekha Zamana Sara Bharam Hai |  Tere Hawale | Arijit Singh |  Hindi Lyrics Song 2024,Sadabahar Gane,Hindi,2020s,Very Popular,11328430,0,487,8:07,2024-10-14T06:00:34Z,xT9RSUOpFtk,https://www.youtube.com/watch?v=xT9RSUOpFtk
160,Tu Hi Wajah – Aarzoo Khaan | Emotional Hindi Sad Song | New Song 2026 | Arijit Singh Vibe,Aarzoo Khaan,Hindi,2020s,Medium,242809,1251,267,4:27,2026-08-21T01:30:06Z,i9LGGtcscpw,https://www.youtube.com/watch?v=i9LGGtcscpw
161,Tere Ishq Mein Naachenge - Lyrics | Aamir Khan | Karisma Kapoor | Kumar Sanu | Hindi Sad Song,Aapke Pyaar Mein - Love Songs,Hindi,2020s,Very Popular,52184619,160576,490,8:10,2024-11-27T07:30:11Z,dJwZhZHSALU,https://www.youtube.com/watch?v=dJwZhZHSALU
162,"जीता था जिसके लिये HD - दिलवाले - अजय देवगन, रवीना टंडन, सुनील शेट्टी - कुमार सानु, अलका याग्निक",Goldmines Gaane Sune Ansune,English/International,2010s,Top Hit,661956671,2512608,459,7:39,2015-11-05T11:30:01Z,fa5Yzxdh8e4,https://www.youtube.com/watch?v=fa5Yzxdh8e4
163,Zaroorat Full Video Song | Ek Villain | Mithoon | Mustafa Zahid,T-Series,Hindi,2010s,Top Hit,381238033,2854986,290,4:50,2014-07-11T12:27:48Z,VMEXKJbsUmE,https://www.youtube.com/watch?v=VMEXKJbsUmE
164,"'Baaton Ko Teri' FULL VIDEO Song | Arijit Singh | Abhishek Bachchan, Asin | T-Series",T-Series,Hindi,2010s,Top Hit,356392057,1669819,247,4:07,2015-08-27T13:50:55Z,c19t5ORk8Xo,https://www.youtube.com/watch?v=c19t5ORk8Xo
165,Yaar Ka Sataya Hua Hai - B Praak | Nawazuddin Siddiqui | Shehnaaz Gill | Jaani | Arvindr Khaira,DM - Desi Melodies,Punjabi,2020s,Top Hit,232755216,1856995,321,5:21,2023-07-03T11:30:26Z,OBEOPnAO1hc,https://www.youtube.com/watch?v=OBEOPnAO1hc
166,"Sab Kuchh Bhula Diya Lyrical Video | Hum Tumhare Hain Sanam | Sonu N,Sapna A|Shahrukh Khan,Madhuri D",T-Series Bollywood Classics,Hindi,2010s,Top Hit,409867873,1755209,473,7:53,2018-01-29T12:30:01Z,xKx_80QM2LU,https://www.youtube.com/watch?v=xKx_80QM2LU
167,"Bekhayali (From ""Kabir Singh"")",Sachet Tandon - Topic,English/International,2010s,Very Popular,78235152,436560,372,6:12,2019-05-24T06:30:02Z,PVDPkS4v8FQ,https://www.youtube.com/watch?v=PVDPkS4v8FQ
168,Dil Haar Gaya 💔 | Heart Touching Sad Song 2026 | Emotional Breakup Song | New Hindi Sad Song,AAKA MUSIC,Hindi,2020s,Popular,2113002,0,352,5:52,2026-07-30T06:10:00Z,ka1-gIn_56U,https://www.youtube.com/watch?v=ka1-gIn_56U
169,"Bhula Dena Mujhe Video Song Aashiqui 2 | Aditya Roy Kapur, Shraddha Kapoor",T-Series,Hindi,2010s,Very Popular,54876350,349553,122,2:02,2013-04-28T03:30:08Z,II4CvWvgIsI,https://www.youtube.com/watch?v=II4CvWvgIsI
170,"Banjaara Full Video Song | Ek Villain | Shraddha Kapoor, Siddharth Malhotra",T-Series,Hindi,2010s,Top Hit,633218163,4273854,334,5:34,2014-07-11T08:32:21Z,0NFxcNheoLc,https://www.youtube.com/watch?v=0NFxcNheoLc
171,"BPraak - Zohrajabeen (Video) | Randeep Hooda, Priyanka Chahar Choudhary | Jaani | Arvindr Khaira",DM - Desi Melodies,English/International,2020s,Top Hit,215279030,1709014,262,4:22,2023-09-15T07:36:44Z,5KkHLDkPcq8,https://www.youtube.com/watch?v=5KkHLDkPcq8
172,Aashiqon Se Bas Yahi Ek Iltija Hai Meri | Bhagyashree | Paayal (1992) | Kumar Sanu Superhit Song,Dard Bhare Gaane,English/International,2020s,Popular,9180065,29390,259,4:19,2023-12-30T13:30:16Z,k-1Q0n_20x8,https://www.youtube.com/watch?v=k-1Q0n_20x8
173,Tu Mila Hi Kyu Tha – Aarzoo Khaan | Emotional Hindi Sad Song | New Song 2026 | Arijit Singh Vibe,Aarzoo Khaan,Hindi,2020s,Popular,1510935,8438,297,4:57,2026-08-06T03:30:22Z,uiq0YljtrCs,https://www.youtube.com/watch?v=uiq0YljtrCs
174,Khamosh Rehna Sikha Diya – Aarzoo Khaan | Emotional Hindi Sad Song | New Song 2026 | Sad Song,Aarzoo Khaan,Hindi,2020s,Medium,681055,3535,443,7:23,2026-07-25T02:00:06Z,4kW4Yi3Cokk,https://www.youtube.com/watch?v=4kW4Yi3Cokk
175,Teri Bewafai Ka Yeh Gham - Agam Kumar Sad Song (Phir Bewafai Deceived in Love),Pop Chartbusters,English/International,2010s,Very Popular,70955460,221219,271,4:31,2012-03-29T06:30:29Z,cDhQ8DTSTIE,https://www.youtube.com/watch?v=cDhQ8DTSTIE
176,Mujhse Hui Bas Yeh Khata - Ishq Vishk | Alka Yagnik | Shahid Kapoor | Amrita Rao |Bollywood Sad Song,Tips Official,Hindi,2000s,Popular,7386933,56257,106,1:46,2009-12-08T09:12:45Z,AU-wf6XuTBo,https://www.youtube.com/watch?v=AU-wf6XuTBo
177,Ujaar Kar Meri Duniya – Aarzoo Khaan | Emotional Hindi Sad Song | New Song 2026 | Arijit Singh Vibe,Aarzoo Khaan,Hindi,2020s,Medium,391249,2349,355,5:55,2026-07-14T10:35:31Z,zM80RdObeLA,https://www.youtube.com/watch?v=zM80RdObeLA
178,Ek Naam Yaad Aata Hai – Aarzoo Khaan | Emotional Hindi Sad Song | New Song 2026 | Arijit Singh Vibe,Aarzoo Khaan,Hindi,2020s,Medium,349991,1989,327,5:27,2026-06-22T02:00:33Z,GFW1YPCvrms,https://www.youtube.com/watch?v=GFW1YPCvrms
179,Aakhri Nishani 2 – Aarzoo Khaan | Emotional Hindi Sad Song | New Song 2026 | Arijit Singh Vibe,Aarzoo Khaan,Hindi,2020s,Medium,300410,1414,301,5:01,2026-07-30T02:00:00Z,1VVDIUOochk,https://www.youtube.com/watch?v=1VVDIUOochk
180,Khusi Ke Pal Kha Dhundu | Shirley Setia | Latest Hindi Sad Song 2018 | Best Ever Sad Song,Sam Prajapati,Hindi,2010s,Very Popular,47855446,593652,256,4:16,2018-12-11T12:00:02Z,HrDgxVx1HUM,https://www.youtube.com/watch?v=HrDgxVx1HUM
181,Alka Yagnik 💔 Har Ek Muskurahat Muskan Nahi Hoti 💔 Hindi Song ❤️ Suman Rangnathan 💔 Dard Bhara Song,Dard Bhare Songs,Hindi,2020s,Very Popular,75439456,287519,531,8:51,2024-04-13T12:12:02Z,V7SOOQqk9zM,https://www.youtube.com/watch?v=V7SOOQqk9zM
182,"Hamari Adhuri Kahani - Lyrical Song | Arjit Singh | Emraan Hashmi, Vidya Balan | Jeet Gannguli",Sony Music India,Hindi,2020s,Top Hit,143617105,957040,406,6:46,2024-12-12T10:01:01Z,sVRwZEkXepg,https://www.youtube.com/watch?v=sVRwZEkXepg
183,Beech Raah Mein Chhod Dete Hai – Aarzoo Khaan | Emotional Hindi Sad Song | New Song 2026 | Sad Song,Aarzoo Khaan,Hindi,2020s,Medium,687780,3102,336,5:36,2026-07-27T02:00:31Z,z3q9D39rP6k,https://www.youtube.com/watch?v=z3q9D39rP6k
184,Veeraniyaan – Aarzoo Khaan | Emotional Hindi Sad Song | New Song 2026 | Arijit Singh Vibe,Aarzoo Khaan,Hindi,2020s,Medium,203894,1085,288,4:48,2026-08-21T10:49:46Z,2Gf0wpDbWbk,https://www.youtube.com/watch?v=2Gf0wpDbWbk
185,Meri Wafa Ko – Aarzoo Khaan | Emotional Hindi Sad Song | New Song 2026 | Arijit Singh Vibe,Aarzoo Khaan,Hindi,2020s,Medium,840078,4605,335,5:35,2026-05-16T02:00:10Z,6stZxSDR92M,https://www.youtube.com/watch?v=6stZxSDR92M
186,Teri Jagah Koi Nahi – Aarzoo Khaan | Emotional Hindi Sad Song | New Song 2026 | Arijit Singh Vibe,Aarzoo Khaan,Hindi,2020s,Popular,1040419,4360,281,4:41,2026-08-11T01:30:07Z,GKp1cJcUeZU,https://www.youtube.com/watch?v=GKp1cJcUeZU
187,Saiyaara (Movie: Saiyaara),Faheem Abdullah - Topic,English/International,2020s,Top Hit,130086500,1041682,371,6:11,2025-06-03T05:33:39Z,ge4M2dVBgTw,https://www.youtube.com/watch?v=ge4M2dVBgTw
188,"Zindagi Ki Talash Mein - Video Song | Kumar Sanu | Saathi |Aditya Pancholi, Mohsin Khan, Varsha",T-Series Bollywood Classics,Hindi,2020s,Very Popular,20779438,75515,349,5:49,2026-04-15T11:20:42Z,n5-ZiGYs2RU,https://www.youtube.com/watch?v=n5-ZiGYs2RU
189,koi puchhe mere Dil se full lyrics video,Biswajit studio,English/International,2020s,Very Popular,46503440,318207,278,4:38,2023-02-11T03:50:33Z,6eQ3tkmIQ5M,https://www.youtube.com/watch?v=6eQ3tkmIQ5M
190,Tu Mera Naseeb Tha – Aarzoo Khaan | Emotional Hindi Sad Song | New Song 2026 | Arijit Singh Vibe,Aarzoo Khaan,Hindi,2020s,Medium,339766,1687,359,5:59,2026-08-03T02:00:26Z,ztglYzQ3ZiQ,https://www.youtube.com/watch?v=ztglYzQ3ZiQ
191,Zaroori Tha,Rahat Fateh Ali Khan - Topic,English/International,2010s,Very Popular,60975744,472665,343,5:43,2018-07-30T13:48:19Z,t4J4-K-90Ok,https://www.youtube.com/watch?v=t4J4-K-90Ok
192,Tere Dur Jaane Se – Aarzoo Khaan | Emotional Hindi Sad Song | New Song 2026 | Arijit Singh Vibe,Aarzoo Khaan,Hindi,2020s,Popular,2839240,19582,404,6:44,2026-05-29T02:00:21Z,BAYixBHQM70,https://www.youtube.com/watch?v=BAYixBHQM70
193,"Dil Mera Tod Tod Diya Usne - 4K Video | Alka Yagnik | Kasoor | Aftab Shivdasani, Lisa Ray | 90s",MusicBird Studio,English/International,2020s,Very Popular,22821441,102969,301,5:01,2025-10-30T08:38:26Z,s-FMgoCb3to,https://www.youtube.com/watch?v=s-FMgoCb3to
194,"Shikwa Nahin Kisi Se | Naseeb (1997) | Kumar Sanu | Govinda, Mamta Kulkarni | Popular Emotional Song",Shemaroo Musical Maestros,English/International,2020s,Very Popular,34470928,183650,349,5:49,2025-09-23T13:30:31Z,KH-l4lnN3QQ,https://www.youtube.com/watch?v=KH-l4lnN3QQ
195,Dil Ka Dard 💔 | Arijit Singh Sad Songs 2026 | Heart Touching Breakup Love Story Song,AAKA MUSIC,English/International,2020s,Popular,3878512,0,351,5:51,2026-05-23T13:30:27Z,XseAWoXgj28,https://www.youtube.com/watch?v=XseAWoXgj28
196,Dua Kijiye | Mohsin Khan | Kanika Mann | Sameer Khan | Hindi Sad Love Song,Bollywood Hits,Hindi,2020s,Popular,4878989,40048,263,4:23,2025-02-28T07:30:04Z,9D9v-j_wqzs,https://www.youtube.com/watch?v=9D9v-j_wqzs
197,Aaj Bhi 2 (Video) Vishal Mishra | Kaushal Kishore | VYRL Originals,Universal Music India,English/International,2020s,Very Popular,53657141,544136,260,4:20,2024-09-12T05:30:34Z,NlRrGrrRyNo,https://www.youtube.com/watch?v=NlRrGrrRyNo
198,"Dil De Diya Hai - Video Song | Masti | Anand Raj Anand | Vivek Oberoi,Amrita,Ritesh Deshmukh,Genila",T-Series Bollywood Classics,Hindi,2020s,Very Popular,13633670,86090,365,6:05,2026-05-12T06:16:42Z,-pcdVkpsb9c,https://www.youtube.com/watch?v=-pcdVkpsb9c
199,"Bulleya - Lyrical Video | Ae Dil Hai Mushkil | Amit Mishra, Shilpa Rao | Pritam",SonyMusicIndiaVEVO,English/International,2020s,Top Hit,100488008,432912,352,5:52,2024-10-31T07:00:41Z,vrqFJ-yjkRw,https://www.youtube.com/watch?v=vrqFJ-yjkRw
200,Mere Haal Par – Aarzoo Khaan | Emotional Hindi Sad Song | New Song 2026 | Arijit Singh Vibe,Aarzoo Khaan,Hindi,2020s,Popular,2552431,14482,405,6:45,2026-06-03T02:00:19Z,mGNrn7MnuHc,https://www.youtube.com/watch?v=mGNrn7MnuHc
201,Tere Door Jaane Se – Aarzoo Khaan | Emotional Hindi Sad Song | New Song 2026 | Arijit Singh Vibe,Aarzoo Khaan,Hindi,2020s,Medium,145936,753,404,6:44,2026-08-13T01:30:35Z,QwLxSbNtmAk,https://www.youtube.com/watch?v=QwLxSbNtmAk
202,Bewafai – Aarzoo Khaan | Emotional Hindi Sad Song | New Song 2026 | Arijit Singh Vibe,Aarzoo Khaan,Hindi,2020s,Medium,881045,4007,285,4:45,2026-08-18T01:30:35Z,9mDMTEcQIvs,https://www.youtube.com/watch?v=9mDMTEcQIvs
203,Ja Tujhe azad kar diya maine apne dil se | Hindi sad song | Hindi love song | Bollywood song,Thailand wala electrician,Hindi,2020s,Popular,1121524,7904,223,3:43,2023-10-02T03:17:29Z,nE_kPdkDLIM,https://www.youtube.com/watch?v=nE_kPdkDLIM
204,'Abhi Toh Party Shuru Hui Hai' Full Video Song | Khoobsurat | Badshah | Sonam Kapoor | Aastha,T-Series,Hindi,2010s,Top Hit,1299160181,4648934,190,3:10,2014-11-11T06:31:30Z,8LZgzAZ2lpQ,https://www.youtube.com/watch?v=8LZgzAZ2lpQ
205,"Nashe Si Chadh Gayi | Full Song | Befikre, Ranveer Singh, Vaani Kapoor, Arijit Singh, Vishal-Shekhar",YRF,Hindi,2010s,Top Hit,589016008,2456524,228,3:48,2016-12-21T07:31:21Z,HoCwa6gnmM0,https://www.youtube.com/watch?v=HoCwa6gnmM0
206,'Gallan Goodiyaan' Full VIDEO Song | Dil Dhadakne Do | T-Series,T-Series,Hindi,2010s,Top Hit,697510740,2325140,279,4:39,2015-06-13T11:29:52Z,jCEdTq3j-0U,https://www.youtube.com/watch?v=jCEdTq3j-0U
207,Tere Liye,Atif Aslam - Topic,English/International,2010s,Top Hit,137681635,932744,280,4:40,2018-12-15T00:10:36Z,5U5Ru0nTiUM,https://www.youtube.com/watch?v=5U5Ru0nTiUM
208,"Chikni Chameli - 8K/4k Music Video | Katrina Kaif, Hrithik | Agneepath | Shreya Ghoshal | Ajay-Atul",Sony Music India,Hindi,2020s,Top Hit,474647289,1864568,330,5:30,2024-09-27T10:30:17Z,QcQpqWhTBCE,https://www.youtube.com/watch?v=QcQpqWhTBCE
209,Boom Boom - 8K/4K Music Video | Jackky Bhagnani | Mika Singh | Ajab Gazabb Love | Party Song,Sony Music India,Hindi,2020s,Very Popular,24817090,145399,280,4:40,2025-02-18T11:00:46Z,ZKFeodUKkxw,https://www.youtube.com/watch?v=ZKFeodUKkxw
210,"Queen: London Thumakda Full Video Song | Kangana Ranaut, Raj Kumar Rao",T-Series,Hindi,2010s,Top Hit,408093276,1649445,215,3:35,2014-04-21T10:51:46Z,udra3Mfw2oo,https://www.youtube.com/watch?v=udra3Mfw2oo
211,"Tumhi Ho Bandhu - Full Video Song | Cocktail | Saif Ai Khan, Deepika Padukone & Diana Penty | Pritam",Sony Music India,Hindi,2010s,Top Hit,316897650,1544250,295,4:55,2012-08-04T06:53:34Z,o1RducJbUdc,https://www.youtube.com/watch?v=o1RducJbUdc
212,"Full Video: Dupatta Tera Nau Rang Da | Partner | Salman Khan, Govinda, Katrina, Lara Dutta",T-Series,Hindi,2010s,Top Hit,422072699,1648552,272,4:32,2011-05-24T19:44:03Z,W2mjfazc9eM,https://www.youtube.com/watch?v=W2mjfazc9eM
213,"Party All Night Feat. Honey Singh (Full Video) Boss | Akshay Kumar, Sonakshi Sinha",T-Series,Hindi,2010s,Top Hit,242838877,1668501,240,4:00,2013-11-23T08:27:53Z,Wd7H311MrWA,https://www.youtube.com/watch?v=Wd7H311MrWA
214,OFFICIAL: Abhi Toh Party Shuru Hui Hai VIDEO Song | Khoobsurat | Badshah | Aastha | Sonam Kapoor,T-Series,Hindi,2010s,Top Hit,163377233,471618,149,2:29,2014-08-21T09:28:13Z,D8I2D6VLQQc,https://www.youtube.com/watch?v=D8I2D6VLQQc
215,"One Two Three Four Chennai Express Full Video Song | Shahrukh Khan, Deepika Padukone",T-Series,Hindi,2010s,Top Hit,296096210,1800189,232,3:52,2013-09-13T10:19:35Z,W9mrvDWUR9g,https://www.youtube.com/watch?v=W9mrvDWUR9g
216,"Party With The Bhoothnath Song (Official) | Bhoothnath Returns | Amitabh Bachchan, Yo Yo Honey Singh",T-Series,Hindi,2010s,Top Hit,358901162,2933946,277,4:37,2014-03-21T11:33:31Z,W7kdKf_aqX4,https://www.youtube.com/watch?v=W7kdKf_aqX4
217,"Mein Sharabi (Full Video Song) | Cocktail | Deepika Padukone, Saif Ali khan | Yo Yo Honey Singh",Sony Music India,Hindi,2010s,Very Popular,18648275,76171,140,2:20,2012-07-16T14:12:14Z,uflTkwrd8pA,https://www.youtube.com/watch?v=uflTkwrd8pA
218,"Naal Nachna (From ""Dhurandhar"")",Shashwat Sachdev - Topic,English/International,2020s,Very Popular,74092472,361052,156,2:36,2025-12-11T12:49:41Z,P4UnrmPFPA4,https://www.youtube.com/watch?v=P4UnrmPFPA4
219,Aa Re Pritam Pyaare - Lyrical Video | Rowdy Rathore | Akshay Kumar | Mamta Sharma | Sajid Wajid,Sony Music India,Hindi,2010s,Top Hit,251233111,1209190,222,3:42,2015-06-25T17:47:08Z,EY8oryof0bU,https://www.youtube.com/watch?v=EY8oryof0bU
220,"Sauda Khara Khara |Good Newwz| Akshay Kumar , Kareena , Diljit , Kiara| Sukhbir,Dhvani,Lijo,DjChetas",Zee Music Company,Punjabi,2010s,Top Hit,517781989,2243391,222,3:42,2019-12-03T08:28:45Z,LYEqeUr-158,https://www.youtube.com/watch?v=LYEqeUr-158
221,"SIMMBA: Aankh Marey | Ranveer Singh, Sara Ali Khan | Tanishk Bagchi,Mika Singh,Neha Kakkar,  Kumar S",T-Series,Hindi,2010s,Top Hit,1077585445,4645748,203,3:23,2018-12-06T05:30:01Z,_KhQT-LGb-4,https://www.youtube.com/watch?v=_KhQT-LGb-4
222,DIL KAA JO HAAL HAI,Abhijeet - Topic,English/International,2010s,Very Popular,31595087,285667,303,5:03,2014-06-09T22:29:38Z,lg4R-_QWEUY,https://www.youtube.com/watch?v=lg4R-_QWEUY
223,"""Aila Re Aila"" Full Song Khatta Meetha | Akshay Kumar, Trisha | Pritam | Daler Mehandi, Kalpana P",T-Series,Hindi,2010s,Top Hit,289497472,1363044,211,3:31,2011-04-21T14:28:36Z,tlkWnGOm34k,https://www.youtube.com/watch?v=tlkWnGOm34k
224,Kar Gayi Chull - Full Audio Song | Sidharth Malhotra | Alia Bhatt | Badshah | Bollywood Party Songs,Sony Music India,Hindi,2020s,Popular,8537964,36209,194,3:14,2024-12-03T06:15:00Z,25wNUS3Pw1w,https://www.youtube.com/watch?v=25wNUS3Pw1w
225,"Lungi Dance | Chennai Express | New Video Feat. Honey Singh, Shahrukh Khan, Deepika Paudkone",T-Series,Hindi,2010s,Top Hit,580025748,2931221,212,3:32,2013-08-14T19:13:41Z,69CEiHfS_mc,https://www.youtube.com/watch?v=69CEiHfS_mc
226,Tu Meri Full Video | BANG BANG! | Hrithik Roshan & Katrina Kaif | Vishal Shekhar | Dance Party Song,Zee Music Company,Hindi,2010s,Top Hit,261493310,1447812,259,4:19,2014-11-14T12:08:53Z,YAOIbHBEvi0,https://www.youtube.com/watch?v=YAOIbHBEvi0
227,"Besharmi Ki Height | Full Video Song | Main Tera Hero | Varun Dhawan, Ileana D'Cruz, Nargis Fakhri",T-Series,Hindi,2010s,Top Hit,213051534,1150763,257,4:17,2014-04-12T08:56:17Z,IFYJNLZT_B0,https://www.youtube.com/watch?v=IFYJNLZT_B0
228,Sau Tarah Ke Full Video Song | Dishoom | John Abraham | Varun Dhawan | Jacqueline Fernandez| Pritam,T-Series,Hindi,2010s,Top Hit,157573531,741213,237,3:57,2016-08-15T08:30:01Z,PIyf0hMc498,https://www.youtube.com/watch?v=PIyf0hMc498
229,Sau Tarah Ke Full Song with Lyrics | Dishoom | John Abraham | Varun Dhawan | Jacqueline Fernandez,T-Series,Hindi,2010s,Top Hit,104687997,483339,239,3:59,2016-06-30T12:30:00Z,5Uhe2nAzKUw,https://www.youtube.com/watch?v=5Uhe2nAzKUw
230,Let’s Nacho - Kapoor & Sons | Sidharth | Alia | Fawad | Badshah | Benny Dayal | Nucleya,Sony Music India,Hindi,2010s,Top Hit,164701255,734490,164,2:44,2016-03-09T05:30:30Z,TLnwqAarPkM,https://www.youtube.com/watch?v=TLnwqAarPkM
231,New Punjabi Songs : Daru Party Song (Full Song) | Millind Gaba | Latest Punjabi Songs 2023,PB 65,Punjabi,2020s,Very Popular,44131078,230715,238,3:58,2023-07-16T03:30:20Z,v3dCn9s60rk,https://www.youtube.com/watch?v=v3dCn9s60rk
232,Uff Teri Adaa,Shankar Mahadevan - Topic,English/International,2010s,Very Popular,71337740,296955,305,5:05,2014-06-09T22:19:48Z,-rSOvmWRG4Y,https://www.youtube.com/watch?v=-rSOvmWRG4Y
233,"Saturday Saturday | Humpty Sharma Ki Dulhania | Varun Dhawan, Alia Bhatt |Badshah, Akriti Kakkar| 4K",Sony Music India,Hindi,2020s,Top Hit,175812804,606651,184,3:04,2022-07-16T09:30:08Z,rW9_-dVCmrM,https://www.youtube.com/watch?v=rW9_-dVCmrM
234,"Party On My Mind | Race 2 | Saif Ali, John, Deeepika, Jacqueline & Amisha | Pritam | Honey Singh",Tips Official,Hindi,2010s,Very Popular,60137111,437526,214,3:34,2018-12-17T10:21:47Z,_YqzZWXkoq0,https://www.youtube.com/watch?v=_YqzZWXkoq0
235,Tauba Tauba | Bad Newz | Vicky Kaushal | Triptii Dimri | Karan Aujla,Saregama Music,Punjabi,2020s,Top Hit,598205149,2747839,222,3:42,2024-07-02T14:10:08Z,LK7-_dgAVQE,https://www.youtube.com/watch?v=LK7-_dgAVQE
236,Character Dheela (Full Song) | Ready I Salman Khan I Zarine Khan | Pritam | Neeraj Shridhar,T-Series,Hindi,2010s,Top Hit,251360765,1256403,218,3:38,2011-11-10T10:23:30Z,ruEQPQX90fI,https://www.youtube.com/watch?v=ruEQPQX90fI
237,"""Criminal (Full Song) Ra.One"" | ShahRukh Khan | Kareena Kapoor",T-Series,Hindi,2010s,Top Hit,166082957,817738,271,4:31,2011-11-17T14:16:01Z,VIV3nS7KRok,https://www.youtube.com/watch?v=VIV3nS7KRok
238,"ABCD Yaariyan Feat. Yo Yo Honey Singh Full Video Song |Himansh K, Rakul P |Pritam|Divya Khosla Kumar",T-Series,Hindi,2010s,Very Popular,39858947,359614,199,3:19,2014-01-21T09:54:14Z,iVKEcznDqDg,https://www.youtube.com/watch?v=iVKEcznDqDg
239,Patola Video Song | Blackmail | Irrfan Khan & Kirti Kulhari | Guru Randhawa,T-Series,Punjabi,2010s,Top Hit,627012364,2164571,150,2:30,2018-03-05T06:02:55Z,z-ZEHL4Df-A,https://www.youtube.com/watch?v=z-ZEHL4Df-A
240,"Balam Pichkari (Full Video) | Yeh Jawaani Hai Deewani | Pritam | Ranbir Kapoor, Deepika | Holi Song",T-Series,Hindi,2010s,Top Hit,506634656,2577020,260,4:20,2013-06-22T13:00:04Z,0WtRNGubWGA,https://www.youtube.com/watch?v=0WtRNGubWGA
241,"Sawan Mein Lag Gayi Aag - Ginny Weds Sunny | Yami, Vikrant | Mika, Neha & Badshah | Payal D, Mohsin",Sony Music India,Hindi,2020s,Top Hit,218952407,1099351,176,2:56,2020-09-28T06:30:09Z,7iAmXLrLizM,https://www.youtube.com/watch?v=7iAmXLrLizM
242,"ISHARE TERE Song | Guru Randhawa, Dhvani Bhanushali | DirectorGifty | Bhushan Kumar",T-Series,Punjabi,2010s,Top Hit,763550167,4017418,201,3:21,2018-07-25T05:31:51Z,8nGFWWJLHio,https://www.youtube.com/watch?v=8nGFWWJLHio
243,HIGH HEELS TE NACHCHE Video Song | KI & KA | Meet Bros ft. Jaz Dhami | Yo Yo Honey Singh | T-Series,T-Series,Hindi,2010s,Top Hit,312699243,985933,177,2:57,2016-02-21T06:00:00Z,N_KpjLhJa1k,https://www.youtube.com/watch?v=N_KpjLhJa1k
244,"Lyrical : AAPKA KYA HOGA (DHANNO) | Housefull | Akshay Kumar | Mika Singh, Sunidhi Chauhan",T-Series,Hindi,2020s,Very Popular,80806909,433196,322,5:22,2020-03-28T11:30:02Z,F9Aha2-uTso,https://www.youtube.com/watch?v=F9Aha2-uTso
245,Gore Tann se Sarakta Jaye Song | Dance Video | Govinda & Raveena Tondon #dancevideo,Sangeeta Meena Dance,English/International,2020s,Very Popular,14340676,50284,247,4:07,2026-01-01T10:30:11Z,YfpgD_jEFBk,https://www.youtube.com/watch?v=YfpgD_jEFBk
246,DILBAR 8K Full Song | Satyameva Jayate | John Abraham Nora Fatehi |Tanishk B Neha Kakkar Ikka Dhvani,T-Series,Hindi,2020s,Very Popular,45595240,158693,177,2:57,2025-09-19T05:40:06Z,siDLgxNEbP8,https://www.youtube.com/watch?v=siDLgxNEbP8
247,"Aaja Nachle Title Song | Madhuri Dixit | Sunidhi Chauhan | Salim–Sulaiman, Piyush Mishra | Full Song",YRF,Hindi,2010s,Top Hit,390851832,1577658,277,4:37,2011-07-19T06:57:16Z,MP4F0ZcW_G0,https://www.youtube.com/watch?v=MP4F0ZcW_G0
248,LONDON THUMAKDA,Labh Janjua - Topic,English/International,2010s,Very Popular,47594568,278313,231,3:51,2015-06-23T16:00:13Z,crrHSFnM3ic,https://www.youtube.com/watch?v=crrHSFnM3ic
249,Tu Meri,Vishal - Shekhar - Topic,English/International,2010s,Very Popular,37485202,185872,258,4:18,2019-06-24T07:44:23Z,jitmi9o3As8,https://www.youtube.com/watch?v=jitmi9o3As8
250,"Galti Se Mistake (From ""Jagga Jasoos"")",Arijit Singh - Topic,English/International,2010s,Very Popular,33384734,263142,204,3:24,2018-08-16T22:34:21Z,6y7Rl6ricwk,https://www.youtube.com/watch?v=6y7Rl6ricwk
251,"Fortuner (Official Video) Gulshan Music,Jaat Nia,Ruchika Jangid | New Haryanvi Songs Haryanavi 2026",VATS RECORDS,English/International,2020s,Top Hit,360745282,1181412,173,2:53,2025-09-04T02:54:52Z,ZvXN0TcZLfQ,https://www.youtube.com/watch?v=ZvXN0TcZLfQ
252,Daaru Peeke Dance Lyrical Video | Neha Kakkar | Kuch Kuch Locha Hai | Sunny Leone  | Amjad Nadeem,Zee Music Company,Hindi,2010s,Top Hit,275997959,1207750,204,3:24,2016-03-17T10:32:26Z,UuQjAqO-WUM,https://www.youtube.com/watch?v=UuQjAqO-WUM
253,"Cham Cham Full Video | BAAGHI | Tiger Shroff, Shraddha Kapoor| Meet Bros, Monali Thakur| Sabbir Khan",T-Series,Hindi,2010s,Top Hit,1435063539,4776847,232,3:52,2016-05-06T08:02:29Z,f6vY6tYvKGA,https://www.youtube.com/watch?v=f6vY6tYvKGA
254,Chamma Chamma | China - Gate | Urmila Matondkar | Alka Yagnik | 90's Item Song,90's Gaane,English/International,2020s,Top Hit,168597210,657374,341,5:41,2021-07-24T08:30:01Z,1ZnPY1c3u_0,https://www.youtube.com/watch?v=1ZnPY1c3u_0
255,"Mera Wala Dance Lyrical | Simmba | Ranveer Singh, Sara Ali Khan | Neha K,Nakash A,Lijo G-DJ Chetas",T-Series,Hindi,2010s,Top Hit,161465082,577814,214,3:34,2018-12-29T10:18:46Z,aa_MlHmb4QQ,https://www.youtube.com/watch?v=aa_MlHmb4QQ
256,Angoori Angoori | Jaanwar Songs | Karisma Kapoor | Ashutosh Rana | Sapna Avasthi | Dance,Shemaroo Filmi Gaane,English/International,2010s,Top Hit,116633448,357171,242,4:02,2015-12-08T05:26:34Z,XP-J9h_36LM,https://www.youtube.com/watch?v=XP-J9h_36LM
257,"Chamma Chamma Baaje Re Meri Paijaniya - Urmila Matondkar | 90's Dance Song | Alka, Shankar Mahadevan",New Music Hindi,Hindi,2020s,Popular,4149395,12102,355,5:55,2025-08-26T08:30:08Z,EVVJn4vCn9w,https://www.youtube.com/watch?v=EVVJn4vCn9w
258,Nadiyon Paar - Nadiyon Paar - Full Song | Roohi | Janhvi Kapoor | Sachin-Jigar | Shamur | Rashmeet K,Sony Music India,Hindi,2020s,Top Hit,297489896,1405846,163,2:43,2021-06-01T07:00:16Z,bi5PhlIQpwU,https://www.youtube.com/watch?v=bi5PhlIQpwU
259,"Uncha Nicha Rasta - New Haryanvi DJ Viral Song 2025 | Raj Mawar, Komal C | Bharti Choudhary Dance",Seema Films,English/International,2020s,Top Hit,139962809,346229,159,2:39,2025-03-16T11:30:31Z,cXpkvG4MuW4,https://www.youtube.com/watch?v=cXpkvG4MuW4
260,लड़की देखी मुँह से सीटी बजे हाथ से ताली | मैं खिलाड़ी तू अनाड़ी मैं अनारी तू खिलाडी | 90s Song,Ishtar Music,English/International,2020s,Very Popular,43751147,160444,365,6:05,2020-06-12T05:30:00Z,G4j8WSaY75Q,https://www.youtube.com/watch?v=G4j8WSaY75Q
261,Tu Cheez Badi Hai Mast Mast (((Jhankar))) Song | Mohra | Udit Narayan | Akshay Kumar | Raveena,Bollywood Gaane,Hindi,2020s,Very Popular,32362166,0,373,6:13,2022-02-03T02:42:51Z,CegdYDHBakM,https://www.youtube.com/watch?v=CegdYDHBakM
262,"'DJ' Video Song | Hey Bro | Sunidhi Chauhan, Feat. Ali Zafar | Ganesh Acharya | T-Series",T-Series,Hindi,2010s,Top Hit,282501474,1079977,150,2:30,2015-01-30T11:32:35Z,LTT4MYQqz4o,https://www.youtube.com/watch?v=LTT4MYQqz4o
263,Aaja Nachle : Dance Video / Madhuri Dixit ! Sunidhi Chauhan : Old Song #babitashera27 #bollywood,Babita Shera27,Hindi,2020s,Medium,827251,3596,244,4:04,2025-10-27T05:30:06Z,foZps7JHhaY,https://www.youtube.com/watch?v=foZps7JHhaY
264,"Sharara Full Song | Mere Yaar Ki Shaadi Hai | Shamita Shetty, Asha Bhosle, Jeet-Pritam, Javed Akhtar",YRF,Hindi,2010s,Top Hit,458887505,1883630,303,5:03,2015-04-13T11:26:53Z,LwjR20lX4aY,https://www.youtube.com/watch?v=LwjR20lX4aY
265,Khula Hai Mera Pinjara  | खुला है मेरा पिंजरा आ मेरी मैन डांस वीडियो ; Govinda superhit song #dance,Babita Shera27,English/International,2020s,Popular,5238270,19167,265,4:25,2025-02-15T05:30:06Z,Mv3ZigZa_YE,https://www.youtube.com/watch?v=Mv3ZigZa_YE
266,"Dil Phir Bhi Tumhe Dete Hain Kya Yaad Karoge, Urwa Khan Bollywood Song Dance Performance 2024",SGSaraiki,Hindi,2020s,Top Hit,320377508,399406,480,8:00,2024-10-12T14:30:08Z,XKliAYv2KKk,https://www.youtube.com/watch?v=XKliAYv2KKk
267,"Roke Na Ruke Naina (From ""Badrinath Ki Dulhania"")",Arijit Singh - Topic,English/International,2010s,Very Popular,12905850,114868,279,4:39,2018-08-16T21:38:03Z,lTzL4Sx8c-o,https://www.youtube.com/watch?v=lTzL4Sx8c-o
268,Maine Royaan,Tanveer Evan - Topic,English/International,2020s,Very Popular,20602445,260038,284,4:44,2021-07-18T10:08:44Z,FeuNDjP_vXA,https://www.youtube.com/watch?v=FeuNDjP_vXA
269,"""Kyun Main Jaagoon"" Full Song Patiala House | Akshay Kumar",T-Series,Hindi,2010s,Top Hit,118461836,1471814,294,4:54,2011-09-19T09:14:14Z,lN1m7zLBbSU,https://www.youtube.com/watch?v=lN1m7zLBbSU
270,"Manjha - Full Video | Middle-Class Love | Prit K, Kavya T, Eisha S | Himesh R, Raj Barman, Shakeel A",Zee Music Company,Hindi,2020s,Top Hit,132495162,834974,333,5:33,2022-12-06T16:15:44Z,Bc8wfswPxJc,https://www.youtube.com/watch?v=Bc8wfswPxJc
271,Humnava Mere,Jubin Nautiyal - Topic,English/International,2010s,Very Popular,82278241,547590,329,5:29,2018-08-16T23:52:57Z,n9qQiuwBywU,https://www.youtube.com/watch?v=n9qQiuwBywU
272,"Chale Aana (From ""De De Pyaar De"")",Armaan Malik - Topic,English/International,2010s,Top Hit,98789257,544948,272,4:32,2019-05-02T07:49:42Z,gPlr04DEad4,https://www.youtube.com/watch?v=gPlr04DEad4
273,और इस दिल में क्या रखा है | Aur is Dil Mein Kya Rakha Hai | Imaandar | Bollywood Sad Song,Shemaroo Filmi Gaane,Hindi,2010s,Very Popular,62187984,303687,296,4:56,2011-10-07T09:08:24Z,8jytlMEGU0U,https://www.youtube.com/watch?v=8jytlMEGU0U
274,AGAR TUM SAATH HO,Arijit Singh - Topic,English/International,2010s,Top Hit,123515302,836605,342,5:42,2017-01-07T20:12:57Z,FOA9iyxsW_A,https://www.youtube.com/watch?v=FOA9iyxsW_A
275,Dil Ka Koi Tukda Kabhi Dil Se Juda Hota Nahin - Lyrical | Kya Kehna | Preity Zinta | Hindi Sad Song,Tips Official,Hindi,2020s,Very Popular,31830034,90761,362,6:02,2024-10-26T07:30:00Z,a3_NM5-pDFY,https://www.youtube.com/watch?v=a3_NM5-pDFY
276,"Kal Ho Naa Ho (Title Track) - Full Video | Shah Rukh Khan, Saif Ali Khan, Preity Zinta | Sonu Nigam",Sony Music India,Hindi,2010s,Top Hit,392503870,2777139,288,4:48,2014-03-21T07:00:01Z,g0eO74UmRBs,https://www.youtube.com/watch?v=g0eO74UmRBs
277,"Bewajah - Lyrical Video | Harshvardhan, Mawra | Himesh Reshammiya | Sanam Teri Kasam",Sony Music India,Hindi,2020s,Top Hit,155781273,813147,312,5:12,2025-02-12T13:30:14Z,M4XeKEMkYFI,https://www.youtube.com/watch?v=M4XeKEMkYFI
278,"Judaai - Full Audio Song | Badlapur | Varun Dhawan, Yami Gautam | Rekha Bhardwaj & Arijit Singh",Sony Music India,Hindi,2010s,Top Hit,115903327,975269,272,4:32,2015-02-03T07:28:07Z,t2VaF0ZX65w,https://www.youtube.com/watch?v=t2VaF0ZX65w
279,Tera Intezar Kiya – Aarzoo Khaan | Emotional Hindi Sad Song | New Song 2026 | Arijit Singh Vibe,Aarzoo Khaan,Hindi,2020s,Medium,188966,930,410,6:50,2026-08-08T03:30:38Z,s0mDnlcf4pI,https://www.youtube.com/watch?v=s0mDnlcf4pI
280,Dard De Jate Hai – Aarzoo Khaan | Emotional Hindi Sad Song | New Song 2026 | Arijit Singh Vibe,Aarzoo Khaan,Hindi,2020s,Medium,402671,2399,409,6:49,2026-04-27T02:00:01Z,14K3vLlKPzI,https://www.youtube.com/watch?v=14K3vLlKPzI
281,'Bhagwan Hai Kahan Re Tu' FULL VIDEO Song | PK | Aamir Khan | Anushka Sharma | T-series,T-Series,Hindi,2010s,Top Hit,115117732,1178930,277,4:37,2015-01-29T07:17:56Z,G6SutyLlzws,https://www.youtube.com/watch?v=G6SutyLlzws
282,"Jo Bheji Thi Duaa Shanghai Full Song | Emraan hashmi, Abhay Deol, Kalki Koechlin",T-Series,Hindi,2010s,Top Hit,119007414,758363,179,2:59,2012-05-23T14:29:32Z,8FMz_KT1mC4,https://www.youtube.com/watch?v=8FMz_KT1mC4
283,Mera Naseeb – Aarzoo Khaan | Emotional Hindi Sad Song | New Song 2026 | Arijit Singh Vibe,Aarzoo Khaan,Hindi,2020s,Medium,335487,1800,398,6:38,2026-05-07T02:01:00Z,y_TRZxUbtQg,https://www.youtube.com/watch?v=y_TRZxUbtQg
284,Koi Mila Hi Nhi – Aarzoo Khaan | Emotional Hindi Sad Song | New Song 2026 | Arijit Singh Vibe,Aarzoo Khaan,Hindi,2020s,Medium,616431,3615,318,5:18,2026-05-14T02:00:16Z,NC88P_Suocw,https://www.youtube.com/watch?v=NC88P_Suocw
285,💔 Mera Ishq | Heart Touching Hindi Sad Song 2026 | Emotional Love & Heartbreak Song,Maham Kaish,Hindi,2020s,Low,57597,398,478,7:58,2026-08-12T13:30:02Z,DOc10epM2pM,https://www.youtube.com/watch?v=DOc10epM2pM
286,Har Kisi ko - Arijit Singh (Lyrics) | Lyrical Bam Hindi,LYRICAL BAM HINDI,Hindi,2020s,Very Popular,10286640,104971,333,5:33,2024-03-04T10:30:08Z,PhkFADLMe_M,https://www.youtube.com/watch?v=PhkFADLMe_M
287,"Ajay-Atul - Abhi Mujh Mein Kahin Best Lyric|Agneepath|Priyanka Chopra,Hrithik|Sonu Nigam",Sony Music India,Hindi,2010s,Top Hit,212783362,2175198,255,4:15,2013-10-26T07:00:01Z,oWKgpB2zpgw,https://www.youtube.com/watch?v=oWKgpB2zpgw
288,Arijit Singh | Ae Dil Hai Mushkil - Title Track | Lyrical Video | Ranbir Kapoor | Pritam Chakraborty,Sony Music India,Hindi,2020s,Very Popular,33082229,188046,268,4:28,2024-12-02T05:45:02Z,NvnBvjL87B0,https://www.youtube.com/watch?v=NvnBvjL87B0
289,Kisi Ka Sath Nhi – Aarzoo Khaan | Emotional Hindi Sad Song | New Song 2026 | Arijit Singh Vibe,Aarzoo Khaan,Hindi,2020s,Medium,566363,3133,290,4:50,2026-07-04T02:00:37Z,xrcHZRjVnwI,https://www.youtube.com/watch?v=xrcHZRjVnwI
290,Koi Hame Pyaar Krega – Aarzoo Khaan | Emotional Hindi Sad Song | New Song 2026 | Arijit Singh Vibe,Aarzoo Khaan,Hindi,2020s,Popular,1327623,8507,333,5:33,2026-05-27T02:00:25Z,XaSxamrNx6k,https://www.youtube.com/watch?v=XaSxamrNx6k
291,Phir Bhul Jao Mujhe – Aarzoo Khaan | Emotional Hindi Sad Song | New Song 2026 | Arijit Singh Vibe,Aarzoo Khaan,Hindi,2020s,Medium,273034,1263,372,6:12,2026-03-15T02:00:25Z,YrxEPOqW0zU,https://www.youtube.com/watch?v=YrxEPOqW0zU
292,"Full Video: Raanjhan | Do Patti | Kriti Sanon, Shaheer Sheikh | Parampara Tandon | Sachet-Parampara",T-Series,Hindi,2020s,Top Hit,524963715,2847027,253,4:13,2024-11-20T11:12:51Z,lBvbNxiVmZA,https://www.youtube.com/watch?v=lBvbNxiVmZA
293,"Tum Chhupa Na Sakogi Main Woh Raaz Hoon | Veer-Zaara | Shah Rukh Khan, Preity Zinta | Udit Narayan",Itz Sayani,English/International,2020s,Very Popular,29396043,109566,384,6:24,2023-07-19T08:25:41Z,aEy65CdN8y8,https://www.youtube.com/watch?v=aEy65CdN8y8
294,Humdard Full Video Song | Ek Villain | Arijit Singh | Mithoon,T-Series,Hindi,2010s,Top Hit,440364199,3626416,259,4:19,2014-07-11T13:36:08Z,FJ55SHCzt88,https://www.youtube.com/watch?v=FJ55SHCzt88
295,"LYRICAL : Maa (Song) | Taare Zameen Par | Aamir Khan, Darsheel Safary | Shankar Mahadevan",T-Series,Hindi,2010s,Very Popular,40345883,460318,331,5:31,2019-05-12T03:30:05Z,oL75W3ubBgQ,https://www.youtube.com/watch?v=oL75W3ubBgQ
296,Kis Baat Ki Narazgi – Aarzoo Khaan | Emotional Hindi Sad Song | New Song 2026 | Arijit Singh Vibe,Aarzoo Khaan,Hindi,2020s,Medium,645451,3294,371,6:11,2026-06-24T02:00:31Z,0wafyxEQILg,https://www.youtube.com/watch?v=0wafyxEQILg
297,Bhul Jana – Aarzoo Khaan | Emotional Hindi Sad Song | New Song 2026 | Arijit Singh Vibe,Aarzoo Khaan,Hindi,2020s,Popular,1960928,10749,382,6:22,2026-06-11T02:00:08Z,l5aOkU7ljTQ,https://www.youtube.com/watch?v=l5aOkU7ljTQ
298,DARKHAAST,Mithoon - Topic,English/International,2010s,Very Popular,32634373,266395,375,6:15,2017-01-07T20:17:24Z,-3vUz7QPljM,https://www.youtube.com/watch?v=-3vUz7QPljM
299,Ek Pal Ki Khushi – Aarzoo Khaan | Emotional Hindi Sad Song | New Song 2026 | Arijit Singh Vibe,Aarzoo Khaan,Hindi,2020s,Popular,1356776,7141,335,5:35,2026-05-19T02:00:09Z,I8stn-1Y1B0,https://www.youtube.com/watch?v=I8stn-1Y1B0
300,LYRICS: ABHI MUJH MEIN KAHIN | Sonu Nigam | Full Song with Lyrics | Ayush Aaryan,Ayush Aaryan,English/International,2020s,Very Popular,12963359,225812,411,6:51,2021-05-07T03:23:23Z,3Iq3j3L06rQ,https://www.youtube.com/watch?v=3Iq3j3L06rQ
301,"Main Rahoon Ya Na Rahoon Full Video | Emraan Hashmi, Esha Gupta | Amaal Mallik, Armaan Malik",T-Series,Hindi,2010s,Top Hit,468822647,3326715,407,6:47,2015-11-24T06:23:16Z,Dp6lbdoprZ0,https://www.youtube.com/watch?v=Dp6lbdoprZ0
302,Kismat Me Tu Nhi – Aarzoo Khaan | Emotional Hindi Sad Song | New Song 2026 | Arijit Singh Vibe,Aarzoo Khaan,Hindi,2020s,Medium,579671,3312,331,5:31,2026-04-07T02:00:56Z,yjn_Rl8euPE,https://www.youtube.com/watch?v=yjn_Rl8euPE
303,"Ye Soch Ke Dil Mera Joro Se Dhadkta Hai Song Jubin Nautiyal |Bedardi Se Pyaar Ka Gurmeet C,2022 Song",SM Creations,English/International,2020s,Very Popular,12699610,80264,337,5:37,2022-01-05T04:30:03Z,Llq2oSf3C8s,https://www.youtube.com/watch?v=Llq2oSf3C8s
304,Tum Na Mile – Aarzoo Khaan | Emotional Hindi Sad Song | New Song 2026 | Arijit Singh Vibe,Aarzoo Khaan,Hindi,2020s,Medium,140001,846,365,6:05,2026-03-25T02:00:38Z,hteBNqDp-2o,https://www.youtube.com/watch?v=hteBNqDp-2o
305,"'Tum Todo Na' FULL VIDEO Song | ""I"" | AR Rahman | Shankar, Chiyaan Vikram | Ash King,Sunidhi Chauhan",T-Series,Hindi,2010s,Very Popular,88370205,901468,340,5:40,2015-03-02T10:55:45Z,PXpnHAVbHFU,https://www.youtube.com/watch?v=PXpnHAVbHFU
306,Ham Na Honge – Aarzoo Khaan | Emotional Hindi Sad Song | New Song 2026 | Arijit Singh Vibe,Aarzoo Khaan,Hindi,2020s,Medium,741693,4556,423,7:03,2026-05-22T02:00:31Z,cVyGwFr7Teo,https://www.youtube.com/watch?v=cVyGwFr7Teo
307,Phir Kyu – Aarzoo Khaan | Emotional Hindi Sad Song | New Song 2026 | Arijit Singh Vibe,Aarzoo Khaan,Hindi,2020s,Low,24508,122,322,5:22,2026-07-15T11:00:36Z,jRSwyCfxonk,https://www.youtube.com/watch?v=jRSwyCfxonk
308,Batana Chhod Diya – Aarzoo Khaan | Emotional Hindi Sad Song | New Song 2026 | Arijit Singh Vibe,Aarzoo Khaan,Hindi,2020s,Medium,710132,3444,382,6:22,2026-07-02T02:00:06Z,oCnrfK-vqwc,https://www.youtube.com/watch?v=oCnrfK-vqwc
309,Abhi Kuch Dino Se,Pritam - Topic,English/International,2010s,Very Popular,62158646,298830,286,4:46,2015-06-23T13:33:47Z,DEatLVqGuTo,https://www.youtube.com/watch?v=DEatLVqGuTo
310,Abdul Hannan & Rovalio - Iraaday (Official Music Video),Abdul Hannan,English/International,2020s,Top Hit,130662129,1065199,134,2:14,2022-03-18T13:00:23Z,Qwm6BSGrOq0,https://www.youtube.com/watch?v=Qwm6BSGrOq0
311,Chill (Official Video) Bintu Pabra | Shiva Chaudhary | Shivani Yadav | New Haryanvi Songs 2026,Digiya Music,English/International,2020s,Very Popular,21253148,120580,203,3:23,2026-05-31T04:22:04Z,g9eHtAssgg0,https://www.youtube.com/watch?v=g9eHtAssgg0
312,Harrdy Sandhu - Kya Baat Ay | Jaani | B Praak | Arvindr Khaira | Official Music Video,Sony Music India,Punjabi,2010s,Top Hit,751474448,4907401,191,3:11,2018-09-24T12:30:05Z,G0Hx6uN2AJE,https://www.youtube.com/watch?v=G0Hx6uN2AJE
313,Zaalima,Arijit Singh - Topic,English/International,2010s,Very Popular,82941343,551583,300,5:00,2018-11-16T14:43:28Z,eXkHvT--DBU,https://www.youtube.com/watch?v=eXkHvT--DBU
314,Main Koi Aisa Geet Gaoon,Abhijeet - Topic,English/International,2010s,Very Popular,25879561,170643,305,5:05,2016-12-24T16:35:56Z,vDCnew2uhT4,https://www.youtube.com/watch?v=vDCnew2uhT4
315,"LYRICAL: Humraah | Malang | Aditya R K, Disha P Anil K Kunal K | Sachet T | Mohit S",T-Series,Hindi,2020s,Top Hit,97523180,331477,318,5:18,2020-02-05T13:30:00Z,Y8ETNh_IQjs,https://www.youtube.com/watch?v=Y8ETNh_IQjs
316,"MATARGASHTI full VIDEO Song | TAMASHA Songs 2015 | Ranbir Kapoor, Deepika Padukone | T-Series",T-Series,Hindi,2010s,Top Hit,151018779,750727,266,4:26,2015-12-08T10:37:03Z,6vKucgAeF_Q,https://www.youtube.com/watch?v=6vKucgAeF_Q
317,Heartbreak Chillout | Vishal Mishra | Arijit singh | Soulful Music | Romantic Lo-fi | New Song 2026,Manab Lofi Music,English/International,2020s,Medium,322438,0,294,4:54,2026-04-27T15:50:21Z,qRVXP0Il26s,https://www.youtube.com/watch?v=qRVXP0Il26s
318,"""Te Amo"" Dum Maaro Dum (full song) | Bipasha Basu, Rana Dagubati",T-Series,Hindi,2010s,Very Popular,92325638,534735,179,2:59,2011-09-19T07:58:59Z,3N3n23loy24,https://www.youtube.com/watch?v=3N3n23loy24
319,"Gehra Hua (From ""Dhurandhar"")",Shashwat Sachdev - Topic,English/International,2020s,Top Hit,141075820,931275,363,6:03,2025-11-27T12:36:00Z,i1o1p_DD6TU,https://www.youtube.com/watch?v=i1o1p_DD6TU
320,"Humraah Full Song | Malang | Aditya R K, Disha P Anil K Kunal K | Sachet T | Mohit S | Fusion P",T-Series,Hindi,2020s,Top Hit,189516776,989415,300,5:00,2020-02-15T09:35:23Z,hJBHSmyqv0Y,https://www.youtube.com/watch?v=hJBHSmyqv0Y
321,Ride It (Kya Yehi Pyaar Hai) (Hindi Version),Jay Sean - Topic,Hindi,2010s,Very Popular,72274827,685128,194,3:14,2019-10-21T21:16:59Z,foEUtbLVBgw,https://www.youtube.com/watch?v=foEUtbLVBgw
322,"Doobey (From ""Gehraiyaan"")",OAFF - Topic,English/International,2020s,Very Popular,39917658,156639,220,3:40,2022-01-23T10:02:48Z,724BgFjKM08,https://www.youtube.com/watch?v=724BgFjKM08
323,"Kashmir Main Tu Kanyakumari(Lyrical)|Chennai Express |Shahrukh K, Deepika P,Sunidhi C,Arijit S,Neeti",T-Series,Hindi,2020s,Top Hit,194943347,867973,327,5:27,2021-09-15T11:30:05Z,WxtJqyIyThU,https://www.youtube.com/watch?v=WxtJqyIyThU
324,"Heropanti : Raat Bhar Full Song with Lyrics | Tiger Shroff | Arijit Singh, Shreya Ghoshal",T-Series,Hindi,2010s,Top Hit,133613528,844965,335,5:35,2014-04-30T08:14:36Z,AYcxiROIktI,https://www.youtube.com/watch?v=AYcxiROIktI
325,Arijit Singh || Sooraj Dooba Hain song lyrics [Bad Vibes],BAD VIBES,English/International,2020s,Very Popular,11607233,73923,265,4:25,2022-12-09T01:44:46Z,d1ldnvNoAE4,https://www.youtube.com/watch?v=d1ldnvNoAE4
326,Tumhi Ho Bandhu | Cocktail | Saif Ali Khan | Deepika Padukone | Diana Penty | Pritam,Songs Station,English/International,2020s,Popular,7926436,39771,291,4:51,2023-10-19T13:01:22Z,DzWP07XqoeQ,https://www.youtube.com/watch?v=DzWP07XqoeQ
327,Enna Sona | @ARRahman | OK Jaanu | Arijit Singh | Shraddha Kapoor | Aditya Roy | Gulzar | 4K,Sony Music India,Hindi,2020s,Very Popular,39684517,231844,226,3:46,2022-11-21T06:15:56Z,IZF-rOe9u-g,https://www.youtube.com/watch?v=IZF-rOe9u-g
328,Tum Ho,Mohit Chauhan - Topic,English/International,2010s,Very Popular,57094094,311844,317,5:17,2018-08-16T22:43:05Z,AqVIQ9ymvM8,https://www.youtube.com/watch?v=AqVIQ9ymvM8
329,"ROCKSTAR: Phir Se Ud Chala (Full Song) | Ranbir Kapoor, Nargis Fakhri | A. R. Rahman, Mohit Chauhan",T-Series,Hindi,2010s,Top Hit,139920586,915725,213,3:33,2011-12-19T09:24:34Z,2mWaqsC3U7k,https://www.youtube.com/watch?v=2mWaqsC3U7k
330,Qayde Se,Arijit Singh - Topic,English/International,2020s,Very Popular,24736089,170498,216,3:36,2025-07-01T11:30:28Z,Z25GNhpajyY,https://www.youtube.com/watch?v=Z25GNhpajyY
331,"""Subhanallah""  Full Video Song | Yeh Jawaani Hai Deewani | Pritam | Ranbir Kapoor, Deepika Padukone",T-Series,Hindi,2010s,Top Hit,287391987,1093749,206,3:26,2013-07-08T07:55:57Z,QYO6AlxiRE4,https://www.youtube.com/watch?v=QYO6AlxiRE4
332,Ek Ladki Ko Dekha Toh Aisa Laga | Title Song | Anil | Sonam | Rajkummar Rao | Juhi | Darshan |Rochak,Saregama Music,Hindi,2010s,Top Hit,92530735,817880,123,2:03,2019-01-08T07:27:42Z,IAIGnS9BPKs,https://www.youtube.com/watch?v=IAIGnS9BPKs
333,Gulabi,Sachin-Jigar - Topic,English/International,2020s,Very Popular,20374490,104630,231,3:51,2020-04-10T13:29:25Z,kTpyO8iwlSY,https://www.youtube.com/watch?v=kTpyO8iwlSY
334,Shayad - Love Aaj Kal | Kartik | Sara | Arushi | Pritam | Arijit Singh,Sony Music India,Hindi,2020s,Top Hit,365477830,3370729,190,3:10,2020-01-22T11:30:57Z,MJyKN-8UncM,https://www.youtube.com/watch?v=MJyKN-8UncM
335,"Moh Moh Ke Dhaage (Female) Lyrical Song | Dum Laga Ke Haisha | Ayushmann, Bhumi, Monali, Anu, Varun",YRF,Hindi,2010s,Top Hit,288392464,1167754,323,5:23,2015-02-18T08:53:34Z,JbDktrsnH40,https://www.youtube.com/watch?v=JbDktrsnH40
336,"Kesariya (From ""Brahmastra"")",Arijit Singh - Topic,English/International,2020s,Top Hit,150949364,819095,269,4:29,2022-07-17T06:34:41Z,NJAv_7lHUIU,https://www.youtube.com/watch?v=NJAv_7lHUIU
337,Chaand Baaliyan - Aditya A. (Official Video),Aditya A,English/International,2020s,Top Hit,94443017,793135,104,1:44,2020-04-04T03:46:42Z,Xi8Fabcb_MA,https://www.youtube.com/watch?v=Xi8Fabcb_MA
338,"Daru Desi - Full Video Song | Cocktail | Saif Ali Khan, Deepika Padukone & Diana Penty | Pritam",Sony Music India,Hindi,2010s,Very Popular,87300239,383116,227,3:47,2012-08-04T06:53:34Z,3nA1hmKCRpE,https://www.youtube.com/watch?v=3nA1hmKCRpE
339,"Kar Gayi Chull - Kapoor & Sons | Sidharth Malhotra, Alia Bhatt | Badshah | Amaal Mallik | Fazilpuria",Sony Music India,Hindi,2010s,Top Hit,585867559,1974810,143,2:23,2016-02-17T10:31:33Z,NTHz9ephYTw,https://www.youtube.com/watch?v=NTHz9ephYTw
340,Tum Hi Ho Bandhu,Pritam - Topic,English/International,2020s,Very Popular,20597174,132045,284,4:44,2025-09-26T10:38:38Z,W8OoagONXmg,https://www.youtube.com/watch?v=W8OoagONXmg
341,Tu Chale,Arijit Singh - Topic,English/International,2010s,Popular,7269469,83185,309,5:09,2015-08-07T22:18:30Z,1qotvbxy3Uc,https://www.youtube.com/watch?v=1qotvbxy3Uc
342,Tum Ho Toh - Acoustic,Vishal Mishra - Topic,English/International,2020s,Popular,2723936,20385,132,2:12,2025-06-27T13:34:37Z,YhLImpXqE-M,https://www.youtube.com/watch?v=YhLImpXqE-M
343,Maanu - Jhol (Acoustic) | Annural Khalid | Abdullah Siddiqui | Asfand,Maanu,English/International,2020s,Top Hit,131410454,636059,278,4:38,2025-02-02T14:00:06Z,BWczaSneA0Q,https://www.youtube.com/watch?v=BWczaSneA0Q
344,Sawaal (Acoustic),Abhijeet Srivastava - Topic,English/International,2020s,Popular,2542276,30656,153,2:33,2026-03-12T10:01:14Z,k8hpaXubbPY,https://www.youtube.com/watch?v=k8hpaXubbPY
345,Mera Dil Bhi Kitna Pagal Hai | Rahul Jain | Unplugged | Salman Khan,Rahul Jain,English/International,2010s,Very Popular,12563374,119755,185,3:05,2018-05-19T13:57:47Z,h1mmFW7sgGQ,https://www.youtube.com/watch?v=h1mmFW7sgGQ
346,SANAM - Teri Aankhon Se #Acoustic - Ft. Jonita Gandhi,Sanam,English/International,2010s,Very Popular,32207385,339684,259,4:19,2013-09-11T06:35:03Z,1ba9Yc96nZ0,https://www.youtube.com/watch?v=1ba9Yc96nZ0
347,"MEHFIL | ""Kangna Tera Ni"" (Live Acoustic)",PALLI presents,English/International,2020s,Very Popular,9493507,78811,177,2:57,2024-09-22T02:30:07Z,MdZRjkeJOJA,https://www.youtube.com/watch?v=MdZRjkeJOJA
348,Lucky Ali - O Sanam | Farmhouse Frames | Unplugged 2025,Lucky Ali,English/International,2020s,Very Popular,13681469,75502,227,3:47,2025-03-30T06:32:10Z,6bmDbIk8zUc,https://www.youtube.com/watch?v=6bmDbIk8zUc
349,Jo Tu Na Mila - Acoustic Version | Asim Azhar,Universal Music India,English/International,2010s,Very Popular,49417099,686917,245,4:05,2019-02-14T08:30:03Z,wPqpmsYISBc,https://www.youtube.com/watch?v=wPqpmsYISBc
350,Maand (Acoustic),Bayaan - Topic,English/International,2020s,Medium,772834,10223,261,4:21,2026-05-21T18:30:10Z,EARCQwChOA0,https://www.youtube.com/watch?v=EARCQwChOA0
351,Ye Tune Kya Kiya | Jazz Soulful Acoustic,Stoneboymusic,English/International,2020s,Popular,3910217,18011,360,6:00,2025-08-23T20:55:45Z,l2u8Plq4XCk,https://www.youtube.com/watch?v=l2u8Plq4XCk
352,Arz Kiya Hai | Coke Studio Bharat,Anuv Jain - Topic,English/International,2020s,Very Popular,74842108,638297,295,4:55,2025-08-19T10:03:04Z,-BJt4fCAtZE,https://www.youtube.com/watch?v=-BJt4fCAtZE
353,Kasoor (Acoustic) - Prateek Kuhad | Official Lyric Video 🌻✨,Prateek Kuhad,English/International,2020s,Very Popular,32511050,288506,213,3:33,2021-07-09T16:00:12Z,iOIF74Hk80A,https://www.youtube.com/watch?v=iOIF74Hk80A
354,Anuv Jain - BAARISHEIN (ACOUSTIC),Anuv Jain,English/International,2020s,Very Popular,36837725,410500,215,3:35,2023-07-13T14:30:10Z,NLKwRW2y-sg,https://www.youtube.com/watch?v=NLKwRW2y-sg
355,MITRAZ - Akhiyaan Acoustic (Official Music Video),MITRAZ,English/International,2020s,Popular,1711116,55191,162,2:42,2023-10-19T12:21:53Z,sI3-Z8yytEw,https://www.youtube.com/watch?v=sI3-Z8yytEw
356,Twin Strings Originals - Baat Itni Si Hai (Unplugged),Twin Strings,English/International,2020s,Very Popular,9349242,102067,230,3:50,2023-02-22T09:36:17Z,RuLnMn-S7yg,https://www.youtube.com/watch?v=RuLnMn-S7yg
357,Anuv Jain - Alag Aasmaan (Acoustic),Anuv Jain,English/International,2020s,Very Popular,10933001,264356,225,3:45,2021-11-19T09:30:13Z,J3m3uptDf0Q,https://www.youtube.com/watch?v=J3m3uptDf0Q
358,"MEHFIL | ""Dil Luteya"" (Live Acoustic)",PALLI presents,English/International,2020s,Popular,1335977,10903,161,2:41,2025-01-10T20:00:32Z,iFEAHzKIpS8,https://www.youtube.com/watch?v=iFEAHzKIpS8
359,SANAM - Ek Ladki Ko Dekha - Acoustic,Sanam,English/International,2010s,Very Popular,61874505,701862,243,4:03,2014-08-25T06:17:11Z,XKbiIahG6ok,https://www.youtube.com/watch?v=XKbiIahG6ok
360,Khat,Navjot Ahuja - Topic,English/International,2020s,Very Popular,46931352,526817,297,4:57,2025-12-02T10:04:36Z,KrJ5c-Egz-U,https://www.youtube.com/watch?v=KrJ5c-Egz-U
361,Bollywood's Retro Espresso | Staccato | Freshly Brewed,Staccato - Contemporary Classic,Hindi,2020s,Very Popular,11227987,60417,427,7:07,2020-12-05T14:18:36Z,WsmBJOb-hWU,https://www.youtube.com/watch?v=WsmBJOb-hWU
362,Kaise Hua | Unplugged | Vishal Mishra | Kabir Singh | Main Baarish Ki Boli Samajhta Nahi Tha,Mmm Unplugged,English/International,2020s,Popular,2488043,19002,302,5:02,2022-03-16T07:22:36Z,deDSjlkt6Q0,https://www.youtube.com/watch?v=deDSjlkt6Q0
363,Tera Ghata (Acoustic) – Gajendra Verma | Official Video 2025,Gajendra Verma,English/International,2020s,Medium,216367,7655,152,2:32,2025-10-31T08:30:07Z,gvwgw_QgxIg,https://www.youtube.com/watch?v=gvwgw_QgxIg
364,Barbaad - Acoustic (Female Version),Shilpa Rao - Topic,English/International,2020s,Popular,2483900,17232,117,1:57,2025-07-07T12:58:44Z,Pe304DEZfwQ,https://www.youtube.com/watch?v=Pe304DEZfwQ
365,SANAM - Duaa #Acoustic - Ft. Sanah Moidutty,Sanam,English/International,2010s,Very Popular,43942908,409204,209,3:29,2014-01-06T07:56:25Z,GGErfAmSK9I,https://www.youtube.com/watch?v=GGErfAmSK9I
366,Muddat | heart touching Hindi song | Hindi melody song,Tune Host,Hindi,2020s,Low,915,15,193,3:13,2026-08-23T01:30:09Z,s6xFjW-JaAI,https://www.youtube.com/watch?v=s6xFjW-JaAI
367,Perfect (Acoustic),Ed Sheeran - Topic,English/International,2010s,Very Popular,38723433,286744,261,4:21,2017-11-09T10:21:54Z,9vDIzVuDzTs,https://www.youtube.com/watch?v=9vDIzVuDzTs
368,SANAM - Lag Jaa Gale - Acoustic,Sanam,English/International,2010s,Top Hit,154931130,1606357,281,4:41,2014-05-12T15:34:23Z,HnLtNrvfZTU,https://www.youtube.com/watch?v=HnLtNrvfZTU
369,Tera Mera Pyar Amar (Acoustic) | Haniya Rehman ft Rahi Khan | Timeless Classic Love Song,Haniya Rehman,English/International,2020s,Medium,412738,0,234,3:54,2026-01-21T09:15:01Z,HGDLLeT0liM,https://www.youtube.com/watch?v=HGDLLeT0liM
370,Ehsaas,Faheem Abdullah - Topic,English/International,2020s,Very Popular,66434697,542958,233,3:53,2025-04-08T10:03:22Z,8gq3S53aH3Y,https://www.youtube.com/watch?v=8gq3S53aH3Y
371,Ritviz - Sage [Official Music Video],RITVIZ,English/International,2010s,Top Hit,100817009,1551359,245,4:05,2019-06-30T05:58:46Z,_kUrW9SEaJc,https://www.youtube.com/watch?v=_kUrW9SEaJc
372,@SaiAbhyankkar - Katchi Sera (Music Video) | Samyuktha | Ken Royson | Think Indie,Think Music India,English/International,2020s,Top Hit,271305232,1934134,185,3:05,2024-01-22T13:28:28Z,VU23OPQ1Pmc,https://www.youtube.com/watch?v=VU23OPQ1Pmc
373,Woh - Khatth ft. Sthiti (Official Music Video),Khatth,English/International,2020s,Popular,5671306,114509,232,3:52,2025-06-18T12:30:06Z,G8nlhcmDXNE,https://www.youtube.com/watch?v=G8nlhcmDXNE
374,[New Hindi Song] Taba Chake - Khud Ko Miloon (Official Music Video),Taba Chake,Hindi,2020s,Popular,2585830,73103,240,4:00,2025-08-19T18:30:07Z,BbcLJv1Rnoc,https://www.youtube.com/watch?v=BbcLJv1Rnoc
375,Nafrat Official Music Video | Darshan Raval | Sandipa D | Akshay K | Naushad Khan | Indie Music,Indie Music Label,English/International,2020s,Very Popular,31570058,397974,218,3:38,2025-10-18T10:30:07Z,25qkuX8qzQo,https://www.youtube.com/watch?v=25qkuX8qzQo
376,JAAM - Hardik Bhardwaj ( Official Audio ) - indie Love Song,Hardik Bhardwaj Official,English/International,2020s,Popular,2328515,42848,146,2:26,2026-05-08T14:30:06Z,vReY9vhye6Y,https://www.youtube.com/watch?v=vReY9vhye6Y
377,Udi Udi,Aneesh - Topic,English/International,2020s,Very Popular,34605528,475136,162,2:42,2026-03-12T05:40:28Z,SBOwcGnwuKM,https://www.youtube.com/watch?v=SBOwcGnwuKM
378,Jaane Na Tu (Official Music Video) : Bhoomi | Almost Loved - EP | UR Debut | Latest Hindi Indie Song,UR DEBUT,Hindi,2020s,Very Popular,31117220,307645,191,3:11,2025-09-30T09:30:29Z,xeOttl1d2bo,https://www.youtube.com/watch?v=xeOttl1d2bo
379,"Dooba Dooba - Boondein | Silk Route | Mohit Chauhan, Kem Trivedi, Atul Mittal",SonyMusicIndiaVEVO,English/International,2020s,Popular,8589856,71205,311,5:11,2022-03-30T07:00:10Z,ecPMVO7JuTo,https://www.youtube.com/watch?v=ecPMVO7JuTo
380,GULON SE : Indie | AARKA MUSIC | ANSHUL RAJPUT,AARKA MUSIC,English/International,2020s,Medium,128946,2849,212,3:32,2025-11-27T12:59:15Z,zBI5HFLMN-I,https://www.youtube.com/watch?v=zBI5HFLMN-I
381,Sahiba,Aditya Rikhari - Topic,English/International,2020s,Top Hit,132802470,1080960,191,3:11,2023-12-19T05:31:31Z,tNc2coVC2aw,https://www.youtube.com/watch?v=tNc2coVC2aw
382,Finding Her (Jana Mere Sawalon Ka Manzar Tu) : Kushagra | Vanshika | Bharath | Karan Maini |UR Debut,UR DEBUT,English/International,2020s,Top Hit,219911093,1465118,213,3:33,2025-01-29T06:34:11Z,3Cp2QTBZAFQ,https://www.youtube.com/watch?v=3Cp2QTBZAFQ
383,Aarzu,Noor - Topic,English/International,2020s,Very Popular,20859143,259108,188,3:08,2026-02-02T09:54:49Z,1gcG6j_RD1k,https://www.youtube.com/watch?v=1gcG6j_RD1k
384,God Mode - Video Song | Suriya's Karuppu | RJ Balaji |@SaiAbhyankkar| Trisha |Dream Warrior Pictures,Think Music India,English/International,2020s,Very Popular,37945517,222447,253,4:13,2026-06-04T13:30:05Z,_Vp-jCG7gno,https://www.youtube.com/watch?v=_Vp-jCG7gno
385,MITRAZ - Akhiyaan (Official Music Video),MITRAZ,English/International,2020s,Top Hit,111510676,836617,191,3:11,2022-09-05T06:01:22Z,xEALTVLxrDw,https://www.youtube.com/watch?v=xEALTVLxrDw
386,Mann (Official Music Video)- The Yellow Diary ft. @tarini_shah| @moseskoul  | Love song 2023,The Yellow Diary,English/International,2020s,Very Popular,9808620,171063,223,3:43,2023-08-31T12:30:11Z,eTucXMU8ctw,https://www.youtube.com/watch?v=eTucXMU8ctw
387,KALYANI (with Shreya Ghoshal) ARJN | KDS | FIFTY4 | RONN | Kya Fitoor Door Raha Kyun JaayeNa Lyrical,Universal Music India,English/International,2020s,Very Popular,11366368,98507,249,4:09,2026-07-31T05:30:11Z,z5y8Clp_TdE,https://www.youtube.com/watch?v=z5y8Clp_TdE
388,Ritviz - Liggi [Official Music Video],RITVIZ,English/International,2010s,Top Hit,239936447,2535906,192,3:12,2019-12-23T06:23:53Z,6BYIKEH0RCQ,https://www.youtube.com/watch?v=6BYIKEH0RCQ
389,​@SaiAbhyankkar - Vizhi Veekura (Music Video)| Saanve Megghana| Sai Smriti|Adesh| Thejo| Think Indie,Think Music India,English/International,2020s,Very Popular,35772967,302934,294,4:54,2025-09-04T14:34:07Z,_e45NEdNMXE,https://www.youtube.com/watch?v=_e45NEdNMXE
390,Zaroor – Aparshakti Khurana | Savi Kahlon | Official Music Video,Sony Music India,Hindi,2020s,Very Popular,66870138,341609,167,2:47,2024-09-04T14:00:08Z,YrJ6OZ7VVWc,https://www.youtube.com/watch?v=YrJ6OZ7VVWc
391,Mann Bawra (Official Video)| Adarsh Rao| Indie Songs| New Indian Indie Song 2024 |Latest Indie Songs,ffs.,English/International,2020s,Popular,1089840,10265,204,3:24,2024-12-12T07:19:00Z,sz0vrNLFvz0,https://www.youtube.com/watch?v=sz0vrNLFvz0
392,"sun saawariya | Official Visualiser | Accha Insaan, AtharvaMusic, Yaani Karnawat",Accha Insaan,English/International,2020s,Very Popular,18799930,167126,163,2:43,2026-02-12T15:39:46Z,go-j1EpaGVo,https://www.youtube.com/watch?v=go-j1EpaGVo
393,New Song 2026 | New Hindi Song | Darmiyaan | Shahid Kapoor | Kriti Sanon | New Song,Sagar Bairagi,Hindi,2020s,Medium,564086,1516,311,5:11,2026-08-20T13:30:20Z,wYXiE2hc_go,https://www.youtube.com/watch?v=wYXiE2hc_go
394,Kitse | Nyn Music | Mohito | Latest Haryanvi Song | Indie Folk | 2023,Nyn Music,English/International,2020s,Very Popular,14032967,218608,200,3:20,2023-02-12T10:30:10Z,ALZzTBqDvL4,https://www.youtube.com/watch?v=ALZzTBqDvL4
395,Shael Oswal - Hiriye (Official Music Video) | Revibe | Hindi Songs,Universal Music India,Hindi,2020s,Very Popular,34608002,381401,274,4:34,2023-10-30T04:30:07Z,CoEmMKrFY2k,https://www.youtube.com/watch?v=CoEmMKrFY2k
396,Made In India - Alisha Chinai | Official Video | Biddu | Shyam Anuragi,SonyMusicIndiaVEVO,English/International,2010s,Top Hit,173279347,916262,260,4:20,2014-03-19T07:00:01Z,IvloHsmi_vg,https://www.youtube.com/watch?v=IvloHsmi_vg
397,Taba Chake - Udd Chala (Official Video),Taba Chake,English/International,2020s,Very Popular,7740847,226902,289,4:49,2023-02-09T05:30:46Z,mg291dg1nHI,https://www.youtube.com/watch?v=mg291dg1nHI
398,Paal Dabba x ofRo - Kaathu Mela (Music Video) | Think Indie,Think Music India,English/International,2020s,Very Popular,90909000,699301,196,3:16,2024-07-17T13:28:07Z,WrV0CTnqUJA,https://www.youtube.com/watch?v=WrV0CTnqUJA
399,Aditya Rikhari - FAASLE,Aditya Rikhari,English/International,2020s,Very Popular,86698017,832999,217,3:37,2021-07-31T06:31:16Z,EiiOYwqk3A0,https://www.youtube.com/watch?v=EiiOYwqk3A0
400,Zulfein - Mehul Mahesh Prod By Dj AYnik (Official Visualizer Video) Latest Hindi Romantic Song 2025,BEATOP RECORDS,Hindi,2020s,Very Popular,25129776,199526,199,3:19,2025-09-06T07:16:50Z,NVMa86cxU-k,https://www.youtube.com/watch?v=NVMa86cxU-k
401,New Song 2026 | New Hindi Song | Musafir | Shahid Kapoor | Kriti Sanon | New Song,Sagar Bairagi,Hindi,2020s,Popular,1459129,4114,309,5:09,2026-08-17T13:30:18Z,zkJe4QL95aE,https://www.youtube.com/watch?v=zkJe4QL95aE
402,Baawra Mann – Shunya | Official Music Video | Hindi Indie Song 2026,Shunya,Hindi,2020s,Low,52242,1746,258,4:18,2026-01-03T05:30:06Z,6N5Inqwlbwg,https://www.youtube.com/watch?v=6N5Inqwlbwg
403,Asal Mein - Darshan Raval | Official Video | Indie Music Label - Latest Hit song 2020,Indie Music Label,English/International,2020s,Top Hit,201239486,2433104,237,3:57,2020-02-18T05:28:30Z,beqprrnaKFc,https://www.youtube.com/watch?v=beqprrnaKFc
404,Bas Tu – Aevlyr | Romantic Hindi Love Song | Soft Indie Track,Aevlyr,Hindi,2020s,Medium,611795,10371,186,3:06,2026-03-12T12:31:14Z,trEj23ZzCZE,https://www.youtube.com/watch?v=trEj23ZzCZE
405,SADQAY - AASHIR WAJAHAT x NAYEL x NEHAAL NASEEM (MUSIC VIDEO) - KE JANAM PYAAR TUMSE HAI,Aashir Wajahat,English/International,2020s,Very Popular,64959528,681587,205,3:25,2024-02-02T14:00:09Z,YzfbpPQLmtE,https://www.youtube.com/watch?v=YzfbpPQLmtE
406,Co2,Prateek Kuhad - Topic,English/International,2020s,Very Popular,36898255,365082,164,2:44,2022-05-19T10:04:58Z,6FewJvQDTmA,https://www.youtube.com/watch?v=6FewJvQDTmA
407,Birha (Official Music Video) : Tanishka Bahl | Naaz | UR Debut | New Indie Pop Song,UR DEBUT,English/International,2020s,Medium,112648,4059,167,2:47,2026-03-27T08:30:16Z,KlmaXCZPG1I,https://www.youtube.com/watch?v=KlmaXCZPG1I
408,"Aasa Kooda (From ""Think Indie"")",Sai Abhyankkar - Topic,English/International,2020s,Very Popular,83423700,560442,216,3:36,2024-06-12T10:02:59Z,rVqcPUQ2YXI,https://www.youtube.com/watch?v=rVqcPUQ2YXI
409,Chak De India Title Song | Shah Rukh Khan | Sukhwinder Singh | Salim-Sulaiman | Jaideep Sahni,YRF,Hindi,2010s,Very Popular,15130977,90591,162,2:42,2011-07-26T08:44:10Z,wvjbCSYmVNM,https://www.youtube.com/watch?v=wvjbCSYmVNM
410,Aaoge Tum Kabhi,The Local Train - Topic,English/International,2020s,Very Popular,29353277,265734,314,5:14,2023-10-12T10:00:05Z,79Yc9gN3TPM,https://www.youtube.com/watch?v=79Yc9gN3TPM
411,Hasan Raheem - Aisay Kaisay ft Abdullah Kasumbi,Hasan Raheem,English/International,2020s,Very Popular,29427522,356571,214,3:34,2020-01-11T07:30:02Z,wS7wz14Q4Yg,https://www.youtube.com/watch?v=wS7wz14Q4Yg
412,Aankhon Se Batana – Dikshant | Viral Song | Official Video,Sony Music India,Hindi,2020s,Very Popular,74400006,447540,223,3:43,2022-04-22T06:30:03Z,2vKMY75kvjI,https://www.youtube.com/watch?v=2vKMY75kvjI
413,KHO JAU - Indie Hindi Love Song | HeartTouching Romantic Vibes 🧡,Indie Metro,Hindi,2020s,Medium,87902,2044,154,2:34,2026-03-20T17:37:02Z,GIhZhf9zqPc,https://www.youtube.com/watch?v=GIhZhf9zqPc
414,MADIRA | Hardik Bhardwaj ( Official Audio ) - Indie pop,Hardik Bhardwaj Official,English/International,2020s,Medium,123732,4578,164,2:44,2026-07-30T13:30:06Z,rm9SzLA4irA,https://www.youtube.com/watch?v=rm9SzLA4irA
415,Tu Reh Zara ❤️ | Original Hindi Romantic Song | Soft Indie Pop 2026,Wildwood Studio,Hindi,2020s,Low,1096,17,211,3:31,2026-07-22T07:00:39Z,o7j_o7deTpQ,https://www.youtube.com/watch?v=o7j_o7deTpQ
416,@SaiAbhyankkar - Pavazha Malli (Music Video) | Kayadu | Shruti Haasan | Vivek | Thejo | Think Indie,Think Music India,English/International,2020s,Top Hit,296680222,1400786,309,5:09,2026-03-05T13:38:57Z,b68HETiNO98,https://www.youtube.com/watch?v=b68HETiNO98
417,Asal Mein - Darshan Raval | Official Lyrical Video | Indie Music Label,Indie Music Label,English/International,2020s,Very Popular,12859183,186889,225,3:45,2020-03-16T09:28:25Z,jabs2RM7Tqo,https://www.youtube.com/watch?v=jabs2RM7Tqo
418,Farq Hai - Suzonn (Official Music Video),Suzonn,English/International,2020s,Very Popular,30546106,474886,185,3:05,2020-11-26T05:30:11Z,dfCuMoiwN6M,https://www.youtube.com/watch?v=dfCuMoiwN6M
419,Tu Aise Mile (Feels Like Love) 💖 | Chill Romantic Hindi Song | Indie Pop 2026,Ishq Indie,Hindi,2020s,Medium,271649,2545,250,4:10,2026-04-18T07:30:17Z,K0saWfPu9Xs,https://www.youtube.com/watch?v=K0saWfPu9Xs
420,Thehra Hua – Official Audio | Soulful Lo-fi Hindi Indie Song 2026 |  ⁨@FilmiSutraa ⁩,FilmiSutraa,Hindi,2020s,Low,1026,8,283,4:43,2026-01-05T16:25:01Z,VzQu6bZRL7U,https://www.youtube.com/watch?v=VzQu6bZRL7U
421,Darshan Raval - Dil Mera Blast | Official Music Video | Javed - Mohsin | Lijo G | Indie Music Label,Indie Music Label,English/International,2010s,Top Hit,93702324,1052936,178,2:58,2019-09-05T05:29:54Z,l1YtQ2YOZDg,https://www.youtube.com/watch?v=l1YtQ2YOZDg
422,Sunn Zara - Official Video | JalRaj | Shivin Narang | Tejasswi Prakash | Naushad Khan,Indie Music Label,English/International,2020s,Very Popular,65616758,1322465,231,3:51,2020-10-05T05:30:12Z,ZIvNNe2FwHo,https://www.youtube.com/watch?v=ZIvNNe2FwHo
423,@RudhPrakash - Kaadhal Yaathiriye (Music Video) | Vibha | Vishal Ravichandran | Thamizh |Think Indie,Think Music India,English/International,2020s,Popular,7728140,20566,190,3:10,2026-05-28T16:01:52Z,wPiD8kJcgyg,https://www.youtube.com/watch?v=wPiD8kJcgyg
424,Darshan Raval - Hawa Banke | Official Music Video | Nirmaan | Naushad Khan,Indie Music Label,English/International,2010s,Top Hit,270388890,3339936,224,3:44,2019-07-18T05:30:03Z,QCXaa1mEUK0,https://www.youtube.com/watch?v=QCXaa1mEUK0
425,Coke Studio | Season 14 | Pasoori | Ali Sethi x Shae Gill,Coke Studio Pakistan,English/International,2020s,Top Hit,995340567,8695767,277,4:37,2022-02-07T12:00:05Z,5Eqb_-j3FDA,https://www.youtube.com/watch?v=5Eqb_-j3FDA
426,Mera Safar – @IqlipseNova  | Trending Song 2022,Sony Music India,Hindi,2020s,Very Popular,12091718,245607,231,3:51,2022-10-17T11:30:00Z,aYLJnasivzI,https://www.youtube.com/watch?v=aYLJnasivzI
427,Soona Aasmaan - Chinmay | Heart Touching Sad Song | Emotional Hindi Indie Pop | New Song 2026,Chinmay Soul Verse,Hindi,2020s,Low,137,0,295,4:55,2026-07-21T02:47:10Z,5xUjqElKlj0,https://www.youtube.com/watch?v=5xUjqElKlj0
428,@SaiAbhyankkar - Sithira Puthiri (Music Video) | Meenakshi Chaudhary| Akshay Sundher | Think Indie,Think Music India,English/International,2020s,Very Popular,52966777,433760,288,4:48,2025-01-31T16:27:32Z,PqVvrF7pwDQ,https://www.youtube.com/watch?v=PqVvrF7pwDQ
429,Pehla Gulaab - Navya | Cute Love Song | First Love Hindi Song | Indie Acoustic Song | Romantic Song,Navya,Hindi,2020s,Low,6010,259,327,5:27,2026-07-24T13:45:27Z,Uv2M7U64Lcc,https://www.youtube.com/watch?v=Uv2M7U64Lcc
430,Saare Hamare (Lyrics) Shayaan & Gauri | Best Hindi Indie Song 2025 | Sangeet Unplugged Records,Sangeet Unplugged Records,Hindi,2020s,Low,44683,257,268,4:28,2025-09-12T05:30:05Z,fxHn4IK_nTQ,https://www.youtube.com/watch?v=fxHn4IK_nTQ
431,CHAL KAHIN: Raj Grover ft. Kritika Chauhan | Mann Taneja | New Hindi Song 2026 | Latest Indie Songs,Voilà! Digi,Hindi,2020s,Medium,577347,21928,164,2:44,2026-05-18T05:30:03Z,vAg1SWtVVi8,https://www.youtube.com/watch?v=vAg1SWtVVi8
432,Shehar So Gaya (Official Music Video) | Hindi Indie Pop Song 2026 | Late Night Vibes,SurVibe Studios,Hindi,2020s,Low,90,2,262,4:22,2026-06-09T16:30:06Z,6R_60YBDuBs,https://www.youtube.com/watch?v=6R_60YBDuBs
433,Pehli Baar – Indie Metro | Romantic Hindi Love Song | retro music,Indie Metro,Hindi,2020s,Medium,100090,2108,246,4:06,2026-03-16T17:49:15Z,niAZZeTBKjs,https://www.youtube.com/watch?v=niAZZeTBKjs
434,Dekha Hai Teri Aankhon Ko (Official Music Video) Aryans | Nandini Singh & Sailesh Gulabani,Universal Music India,English/International,2020s,Very Popular,24360471,115531,249,4:09,2024-11-22T05:30:08Z,qPzpD3tvY-U,https://www.youtube.com/watch?v=qPzpD3tvY-U
435,Falguni Pathak- Maine Payal Hai Chhankai (Official Music Video) | Revibe | Hindi Songs,Universal Music India,Hindi,2020s,Top Hit,103603071,477180,276,4:36,2023-09-11T12:30:16Z,Rbz1qFlRL_Y,https://www.youtube.com/watch?v=Rbz1qFlRL_Y
436,Alisha Chinai - Made In India - Alisha Chinai | Official Lyric Video,SonyMusicIndiaVEVO,English/International,2020s,Very Popular,28536333,141747,265,4:25,2025-01-25T08:00:25Z,_rGo1s6iEjc,https://www.youtube.com/watch?v=_rGo1s6iEjc
437,Aankhon Mein Tera Hi Chehra (Official Video) Shahid Kapoor | Aryans | Hrishitaa B| 90s Superhit Song,Universal Music India,English/International,2020s,Very Popular,17409402,103152,213,3:33,2024-10-11T06:03:32Z,V3vSJyHWFEw,https://www.youtube.com/watch?v=V3vSJyHWFEw
438,TERA CHEHRA(Title Track): Adnan Sami | Rani Mukerji | Romantic Pop Song,Pop Chartbusters,English/International,2020s,Popular,6826573,30165,320,5:20,2026-06-29T11:12:30Z,T7IXOpnfc2M,https://www.youtube.com/watch?v=T7IXOpnfc2M
439,Woh Chali Woh Chali (Official Video) Bombay Vikings  | Superhit Pop Song,Universal Music India,English/International,2020s,Popular,5588166,38454,212,3:32,2025-02-27T05:30:42Z,bOL3vqJ1IH0,https://www.youtube.com/watch?v=bOL3vqJ1IH0
440,Official Video: Nikle Currant Song | Jassi Gill | Neha Kakkar | Sukh-E Muzical Doctorz | Jaani,T-Series,Hindi,2010s,Top Hit,957840136,4761181,214,3:34,2018-10-12T04:30:08Z,uBaqgt5V0mU,https://www.youtube.com/watch?v=uBaqgt5V0mU
441,"GURU RANDHAWA - ""AZUL""  MV",Guru Randhawa,Punjabi,2020s,Top Hit,351836220,2110342,152,2:32,2025-08-06T05:30:04Z,vB0V3iCSzQw,https://www.youtube.com/watch?v=vB0V3iCSzQw
442,With You - AP Dhillon (Official Music Video),APDHILLON,Punjabi,2020s,Top Hit,259758745,1761450,155,2:35,2023-08-11T04:00:08Z,mZQH8CPQ-wo,https://www.youtube.com/watch?v=mZQH8CPQ-wo
443,Falguni Pathak - Pal Pal Teri Yaad (Official Music Video) | Revibe | Hindi Songs,Universal Music India,Hindi,2020s,Very Popular,9583717,47703,279,4:39,2023-09-16T04:30:10Z,W9jDkapPgKo,https://www.youtube.com/watch?v=W9jDkapPgKo
444,Falguni Pathak - Aiyo Rama (Music Video) | Divya Khosla Kumar | Romantic Song,UMusicIndiaVEVO,English/International,2020s,Very Popular,26096486,122148,233,3:53,2025-04-08T05:30:04Z,7xVq8u9i0I4,https://www.youtube.com/watch?v=7xVq8u9i0I4
445,MAIN DEEWANA (Music Video) | Ganesh Hegde | Superhit Hindi Pop Song | T-Series,Pop Chartbusters,Hindi,2020s,Popular,1282834,14158,332,5:32,2026-06-05T12:40:14Z,OB5ORmv066U,https://www.youtube.com/watch?v=OB5ORmv066U
446,Badshah - Gone Girl (लड़की ख़राब) | Official Music Video | Payal Dev | Sakshi Vaidya,Badshah,English/International,2020s,Top Hit,174788359,1316777,195,3:15,2023-08-08T05:30:10Z,mvCWGL_r-Zg,https://www.youtube.com/watch?v=mvCWGL_r-Zg
447,"O Humdum Suniyo Re Song, Saathiya | Vivek Oberoi | A R Rahman, Gulzar, KK, Shaan, Kunal, Pravin Mani",YRF,Hindi,2000s,Very Popular,42004558,279134,162,2:42,2009-04-14T17:34:59Z,_9geEbZIAJM,https://www.youtube.com/watch?v=_9geEbZIAJM
448,Babul Supriyo - Sochta Hun Uska Dil,BabulSupriyoVEVO,English/International,2010s,Very Popular,14333653,124316,255,4:15,2013-06-03T14:37:24Z,YN0vDctyAcM,https://www.youtube.com/watch?v=YN0vDctyAcM
449,"Jaane Kisne - Chetan Shashital, Shiamak Davar | Love Song",Universal Music India,English/International,2020s,Popular,2534084,18342,241,4:01,2025-04-01T05:29:45Z,G0KOS2YWs2s,https://www.youtube.com/watch?v=G0KOS2YWs2s
450,Shake Karaan - 8K/4K Music Video | Nidhhi Agerwal | Meet Bros Ft. Kanika Kapoor | Munna Michael,Sony Music India,Hindi,2020s,Very Popular,35707792,130143,173,2:53,2025-12-10T10:30:19Z,O4GorB4N2Kg,https://www.youtube.com/watch?v=O4GorB4N2Kg
451,SANAM - Gulabi Aankhen,Sanam,English/International,2010s,Top Hit,468588074,3425238,229,3:49,2015-11-25T09:00:00Z,hgi2MYAFgE8,https://www.youtube.com/watch?v=hgi2MYAFgE8
452,Dil Lutiya | Jazzy B | Ft. Apache Indian | Sukshinder | Romeo | Jihne Mera Dil Luteya | Punjabi Hits,Tips Punjabi,Punjabi,2020s,Top Hit,227022277,1762755,181,3:01,2020-09-15T11:30:18Z,TI7RQO2cuh0,https://www.youtube.com/watch?v=TI7RQO2cuh0
453,"Something Something - Video Song | Feat. Urvashi Sharma | Mika Singh, Bella | Blockbuster Hindi Song",Tips Official,Hindi,2000s,Very Popular,23175010,138077,199,3:19,2007-05-25T07:55:37Z,kNvJ_XSXHpE,https://www.youtube.com/watch?v=kNvJ_XSXHpE
454,Sonu Nigam - Bijuria | Ravi Pawar | Full Video Song | Evergreen Hits,SonyMusicIndiaVEVO,English/International,2020s,Popular,3790493,37357,249,4:09,2024-10-30T06:27:40Z,nFggYS9sDdQ,https://www.youtube.com/watch?v=nFggYS9sDdQ
455,Shaan - Tanha Dil Tanha Safar (Music Video with Lyrics) | Ram Sampat | Hindi Song,Universal Music India,Hindi,2020s,Medium,618075,2863,266,4:26,2026-01-13T05:32:43Z,VfNAAD9_tfs,https://www.youtube.com/watch?v=VfNAAD9_tfs
456,Bombay Vikings- Chhod Do Aanchal Zamana Kya Kahega (Official Video) | Hindi Songs | Revibe,Universal Music India,Hindi,2020s,Popular,7757162,90011,224,3:44,2023-08-04T05:30:03Z,5oa_yRBI02c,https://www.youtube.com/watch?v=5oa_yRBI02c
457,"Lyrical | Ghungroo Full Song | WAR | Hrithik, Vaani, Arijit Singh, Shilpa | Vishal & Shekhar, Kumaar",YRF,Hindi,2020s,Top Hit,175615573,544642,300,5:00,2020-05-13T07:00:58Z,caySD0OJJvk,https://www.youtube.com/watch?v=caySD0OJJvk
458,Badshah – Genda Phool | Jacqueline Fernandez | Payal Dev | Hit Anthem of the Year 2021,Sony Music India,Hindi,2020s,Top Hit,1079619122,7187744,174,2:54,2020-03-26T06:30:15Z,SD4Z8dlZPd8,https://www.youtube.com/watch?v=SD4Z8dlZPd8
459,Aryans - Dekha Hai Teri Aankhon Ko,AryansVEVO,English/International,2010s,Top Hit,222287416,1048248,246,4:06,2013-06-03T14:18:39Z,C8WCeSEj_kE,https://www.youtube.com/watch?v=C8WCeSEj_kE
460,Fallin For You - Shrey Singhal | Official Video,Shrey Singhal,English/International,2010s,Top Hit,229269979,1861653,184,3:04,2019-03-27T10:31:57Z,sVzKavzIKDI,https://www.youtube.com/watch?v=sVzKavzIKDI
461,Chikni Chameli,Ajay Gogavale - Topic,English/International,2010s,Top Hit,108291154,651823,304,5:04,2015-08-12T00:10:21Z,E8zOp4Kqcls,https://www.youtube.com/watch?v=E8zOp4Kqcls
462,Ab to Tera intezar hi nahin Hai hindi pop Mumbai video full song maan panu i popstar,DSB APNA MUSIC ADDA,Hindi,2020s,Popular,4309061,47550,207,3:27,2025-10-25T18:11:14Z,y1cpy7d3nik,https://www.youtube.com/watch?v=y1cpy7d3nik
463,"Chalne Lagi Hai Hawayein Video Song ""Tere Bina"" Abhijeet Super Hit Hindi Video Song",Pop Chartbusters,Hindi,2010s,Top Hit,147629310,612135,255,4:15,2011-09-16T10:23:11Z,mLCyEk6GZLM,https://www.youtube.com/watch?v=mLCyEk6GZLM
464,Hamesha | Bollywood Pop x Hypnotic Downtempo x First Love | Singularity ✦,Singularity Beats,Hindi,2020s,Medium,553021,7518,455,7:35,2026-03-21T17:51:46Z,3sdyudSY7aA,https://www.youtube.com/watch?v=3sdyudSY7aA
465,"The Humma Song (From ""OK Jaanu"")",A. R. Rahman - Topic,English/International,2010s,Very Popular,77600539,382085,180,3:00,2017-01-15T16:50:22Z,51Oz0l-qR3M,https://www.youtube.com/watch?v=51Oz0l-qR3M
466,"Akhiyaan Gulaab (Lyrics): Shahid Kapoor, Kriti Sanon | Mitraz | Teri Baaton Mein Aisa Uljha Jiya",T-Series,Hindi,2020s,Top Hit,145417665,448319,192,3:12,2024-02-10T12:36:28Z,f1h6NZYem0o,https://www.youtube.com/watch?v=f1h6NZYem0o
467,Gulaabo - Full Video| Shaandaar | Alia Bhatt & Shahid Kapoor | Vishal Dadlani | Amit Trivedi,Zee Music Company,Hindi,2010s,Top Hit,105438555,536557,300,5:00,2015-11-09T08:50:37Z,bUTdUaVmj8o,https://www.youtube.com/watch?v=bUTdUaVmj8o
468,Ho Gayi Hai Mohabbat | Bollywood Romantic Video Song | Aslam,Saregama Music,Hindi,2010s,Very Popular,10338960,53166,242,4:02,2011-02-23T07:52:07Z,-unkIpIoOAg,https://www.youtube.com/watch?v=-unkIpIoOAg
469,"Leja Leja Re (Full Video Song) Ustad Sultan Khan & Shreya Ghoshal  ""Ustad & The Divas""",Pop Chartbusters,English/International,2010s,Top Hit,161507199,838587,275,4:35,2011-10-22T10:23:16Z,TQR70KKYMmQ,https://www.youtube.com/watch?v=TQR70KKYMmQ
470,"Falguni Pathak - Meri Chunar Udd Udd Jaye (Music Video) | Ayesha Takia, Trisha Krishnan",UMusicIndiaVEVO,English/International,2020s,Very Popular,74019081,188092,303,5:03,2025-03-18T05:30:29Z,jz2gjvsiubA,https://www.youtube.com/watch?v=jz2gjvsiubA
471,Guli Mata - Saad Lamjarred | Shreya Ghoshal | Jennifer Winget | Anshul Garg,Play DMF,English/International,2020s,Top Hit,544020821,4778947,291,4:51,2023-07-12T05:29:57Z,Gp1RNYBckBs,https://www.youtube.com/watch?v=Gp1RNYBckBs
472,Lamberghini (Full Video) | The Doorbeen Feat Ragini | Latest Punjabi Song 2018 | Speed Records,Speed Records,Punjabi,2010s,Top Hit,607536245,3355324,218,3:38,2018-02-26T03:30:00Z,5X7WWVTrBvM,https://www.youtube.com/watch?v=5X7WWVTrBvM
473,Mercy - Badshah Feat. Lauren Gottlieb | Official Music Video | Latest Hit Song 2017,Sony Music India,Hindi,2010s,Top Hit,497911365,2731707,177,2:57,2017-04-01T15:35:55Z,Jyst8oIHOAY,https://www.youtube.com/watch?v=Jyst8oIHOAY
474,Halka Halka Full Video | FANNEY KHAN | Aishwarya Rai Bachchan | Rajkummar Rao | Amit Trivedi,T-Series,Hindi,2010s,Top Hit,253552724,1108594,189,3:09,2018-08-10T10:30:59Z,nZhLM-FeV9A,https://www.youtube.com/watch?v=nZhLM-FeV9A
475,Saiyan Dil Mein Aana Re (Official Music Video) - Sneha Panth | Revibe | Hindi Songs,Universal Music India,Hindi,2020s,Popular,2093615,19632,236,3:56,2023-09-16T09:30:04Z,KNn2zZqIHfs,https://www.youtube.com/watch?v=KNn2zZqIHfs
476,"RAID 2: NASHA (Song) | Tamannaah B, Ajay D, Riteish D | Jasmine Sandlas, Sachet T, Jaani | Bhushan K",T-Series,Hindi,2020s,Top Hit,183636450,948816,176,2:56,2025-04-11T05:30:07Z,QPSAjqjylTc,https://www.youtube.com/watch?v=QPSAjqjylTc
477,Duniya Haseeno Ka Mela 4K | Bobby Deol | Udit Narayan | Gupt (1997) | Popular Bollywood Party Songs,Shemaroo Filmi Gaane,Hindi,2020s,Very Popular,23562666,174092,366,6:06,2025-01-03T12:30:24Z,RiUMVPpk0Fo,https://www.youtube.com/watch?v=RiUMVPpk0Fo
478,"Aao Na Full Song | Kyun Ho Gya Na | Aishwarya Rai, Vivek Oberoi | Udit Narayan | Romantic Songs",Purane Gane,English/International,2020s,Very Popular,26526852,72086,321,5:21,2025-04-24T14:00:29Z,OBT2ggq_Ph4,https://www.youtube.com/watch?v=OBT2ggq_Ph4
479,"O Re Piya | Full Song | Aaja Nachle | Madhuri Dixit | Rahat Fateh Ali Khan | Salim-Sulaiman, Jaideep",YRF,Hindi,2010s,Top Hit,405040155,2740385,380,6:20,2015-05-12T06:26:13Z,iv7lcUkFVSc,https://www.youtube.com/watch?v=iv7lcUkFVSc
480,"Jogi - Lyrical | Shaadi Mein Zaroor Aana | Rajkummar Rao, Kriti Kharbanda | Arko, Yasser, Aakanksha",Zee Music Company,Hindi,2010s,Top Hit,686065097,2644912,280,4:40,2017-11-09T12:16:33Z,HexFqifusOk,https://www.youtube.com/watch?v=HexFqifusOk
481,"Aahista Aahista Song | Bachna Ae Haseeno | Ranbir Kapoor, Minissha Lamba | Lucky Ali, Shreya Ghoshal",YRF,Hindi,2010s,Very Popular,67855169,393915,302,5:02,2012-02-03T07:36:27Z,-m9IGI5EgyM,https://www.youtube.com/watch?v=-m9IGI5EgyM
482,"Aaj Ki Raat - Full Song | Stree 2| Tamannaah Bhatia, Rajkummar Rao, Sachin-Jigar, Madhubanti,Divya K",Saregama Music,Hindi,2020s,Top Hit,1044511186,3192564,287,4:47,2024-10-24T11:30:37Z,hxMNYkLN7tI,https://www.youtube.com/watch?v=hxMNYkLN7tI
483,Lat Lag Gayee | Race 2 | Saif Ali Khan | Jacqueline Fernandez | Benny Dayal | Hindi Song,Songs Bollywood,Hindi,2020s,Very Popular,23833814,109817,242,4:02,2024-07-14T04:30:20Z,tOQvLOAePrg,https://www.youtube.com/watch?v=tOQvLOAePrg
484,"Dilliwali Girlfriend Full Song Yeh Jawaani Hai Deewani | Ranbir Kapoor, Deepika Padukone | Pritam",T-Series,Hindi,2010s,Top Hit,137225739,813128,246,4:06,2013-06-27T10:19:13Z,1cDoRqPnCXU,https://www.youtube.com/watch?v=1cDoRqPnCXU
485,"""Kabhi Jo Badal Barse"" Song Video Jackpot | Arijit Singh | Sachiin J Joshi, Sunny Leone",T-Series,Hindi,2010s,Top Hit,278641179,1502412,143,2:23,2013-11-06T09:32:47Z,RazuWp5kSHk,https://www.youtube.com/watch?v=RazuWp5kSHk
486,"Ishq Bulaava - Lyrical Song | Hasee Toh Phasee | Sidharth, Parineeti | Vishal, Shekhar | Love Songs",Sony Music India,Hindi,2020s,Very Popular,41092003,154935,308,5:08,2024-11-15T05:00:17Z,Oo5tqEWm-jM,https://www.youtube.com/watch?v=Oo5tqEWm-jM
487,Tere Jism - Official Music Video | Sara Khan & Angad Hasija,Zee Music Company,Hindi,2010s,Top Hit,163430246,627811,193,3:13,2018-11-13T09:58:24Z,tZlKWXZqDfA,https://www.youtube.com/watch?v=tZlKWXZqDfA
488,Pehli Nazar Mein,Pritam - Topic,English/International,2010s,Very Popular,59616148,327936,313,5:13,2018-12-14T23:52:23Z,swcCuuQKGJ4,https://www.youtube.com/watch?v=swcCuuQKGJ4
489,"""Suno Na Sangemarmar"" Full Song with Lyrics | Youngistaan | Jackky Bhagnani, Neha Sharma",T-Series,Hindi,2010s,Very Popular,92401135,517620,215,3:35,2014-02-26T11:07:42Z,83pr5QLz6Bc,https://www.youtube.com/watch?v=83pr5QLz6Bc
490,"LYRICAL: Kaise Hua | Kabir Singh | Shahid K, Kiara A, Sandeep V | Vishal Mishra, Manoj Muntashir",T-Series,Hindi,2010s,Top Hit,322993362,2357937,255,4:15,2019-06-18T12:43:49Z,WWXm39leYew,https://www.youtube.com/watch?v=WWXm39leYew
491,"BOL DO NA ZARA Full Video Song | AZHAR | Emraan Hashmi, Nargis Fakhri | Armaan Malik, Amaal Mallik",T-Series,Hindi,2010s,Top Hit,312596117,1656119,245,4:05,2016-05-23T10:49:57Z,EpEraRui1pc,https://www.youtube.com/watch?v=EpEraRui1pc
492,"Kitna Pyaara Tujhe Rabne Banaya | Alka Yagnik & Udit Narayan | Aamir Khan, Karisma Kapoor | Hit Song",90s Bollywood Romance,Hindi,2020s,Popular,2150771,6075,350,5:50,2025-06-02T11:00:24Z,H0aYViA7NFM,https://www.youtube.com/watch?v=H0aYViA7NFM
493,"Jaan Ban Gaye - Full Video | Khuda Haafiz | Vidyut, Shivaleeka | Vishal Mishra, Asees Kaur | Mithoon",Romance Rewind,English/International,2020s,Very Popular,30950124,134587,224,3:44,2025-03-06T04:45:06Z,vJQCAtzSfuo,https://www.youtube.com/watch?v=vJQCAtzSfuo
494,"""Suno Na Sangemarmar"" Full Song Youngistaan | Arijit Singh | Jackky Bhagnani, Neha Sharma",T-Series,Hindi,2010s,Very Popular,85028322,578267,149,2:29,2014-02-14T04:30:00Z,v7jiFpX5SU4,https://www.youtube.com/watch?v=v7jiFpX5SU4
495,"Ishq Wala Love | 4K | Alia Bhatt, Sidharth Malhotra, Varun Dhawan | Neeti Mohan | Salim Merchant",Sony Music India,Hindi,2020s,Top Hit,110354723,528105,226,3:46,2022-06-10T05:31:29Z,N2cPyl83tkQ,https://www.youtube.com/watch?v=N2cPyl83tkQ
496,"""Pee Loon"" Lyrical Song | Once Upon A Time in Mumbai | Pritam | Emraan Hashmi, Prachi Desai",T-Series,Hindi,2010s,Top Hit,326835728,1249223,306,5:06,2018-09-27T11:00:03Z,WCTro3qabjE,https://www.youtube.com/watch?v=WCTro3qabjE
497,Jab Se Tere Naina Lyrical Video - Saawariya | Ranbir Kapoor | Sonam Kapoor | Shaan,Sony Music India,Hindi,2020s,Very Popular,45377198,191139,285,4:45,2024-04-02T14:30:31Z,6_1p9FZSSUs,https://www.youtube.com/watch?v=6_1p9FZSSUs
498,Jaha Tum Rahoge | Maheruh | Amit Dolawat & Drisha More | Altamash Faridi | Kalyan Bhardhan,Zee Music Company,Hindi,2010s,Top Hit,1139768842,1864938,322,5:22,2017-11-02T10:21:42Z,Mi3GdCyzHCY,https://www.youtube.com/watch?v=Mi3GdCyzHCY
499,Tera Hone Laga Hoon,Pritam - Topic,English/International,2010s,Very Popular,88738445,537963,300,5:00,2018-12-15T00:13:04Z,oeYgD5w3NQo,https://www.youtube.com/watch?v=oeYgD5w3NQo
500,Mareez - E - Ishq | ZiD | Mannara Chopra | Karanvir | Arijit | Sharib – Toshi,Sony Music India,Hindi,2010s,Top Hit,240667439,901681,153,2:33,2014-11-17T06:00:01Z,Ph9WRhlPacY,https://www.youtube.com/watch?v=Ph9WRhlPacY
501,A.R. Rahman - Tum Tak (Lyric Video) | Raanjhanaa | A. R. Rahman | Dhanush | Sonam Kapoor | Javed Ali,Sony Music India,Hindi,2010s,Top Hit,125681292,717916,304,5:04,2013-08-05T07:00:19Z,AGsn2ycFRqI,https://www.youtube.com/watch?v=AGsn2ycFRqI
502,"WAJAH TUM HO Full Video Song | HATE STORY 3 Songs | Zareen Khan, Karan Singh Grover | T-Series",T-Series,Hindi,2010s,Top Hit,625896659,2591100,277,4:37,2015-12-15T12:00:02Z,__ZvXBf1rmw,https://www.youtube.com/watch?v=__ZvXBf1rmw
503,"Tainu Khabar Nahi - Arijit Singh | Munjya | Sharvari, Abhay Verma| Sachin-Jigar,Amitabh Bhattacharya",Zee Music Company,Hindi,2020s,Top Hit,202803495,1074500,159,2:39,2024-06-01T14:30:27Z,6d5SS0gS5bU,https://www.youtube.com/watch?v=6d5SS0gS5bU
504,Tera Hone Laga Hoon - Lyrical | Atif Aslam | Alisha Chinai | Ajab Prem Ki Ghazab Kahani (2009),Midnight Romance: Hindi,Hindi,2020s,Medium,186305,1002,295,4:55,2026-03-07T11:30:43Z,qz7bs6qM2gk,https://www.youtube.com/watch?v=qz7bs6qM2gk
505,HANGOVER,Meet Bros. - Topic,English/International,2010s,Very Popular,35643406,264153,376,6:16,2015-06-23T12:54:34Z,5lKv7kdzBZs,https://www.youtube.com/watch?v=5lKv7kdzBZs
506,💞90s Bollywood Love Song ❤️ Tum Meri Dharkan Sanam | Romantic Hits | Heart Touching Melody💞,RK Love Songs,Hindi,2020s,Medium,352148,1417,300,5:00,2026-04-07T16:11:40Z,U_EpLOZO5bU,https://www.youtube.com/watch?v=U_EpLOZO5bU
507,"Apna Bana Le (From ""Bhediya"")",Arijit Singh - Topic,English/International,2020s,Top Hit,219067654,1184542,262,4:22,2022-11-05T04:04:28Z,YALvuUpY_b0,https://www.youtube.com/watch?v=YALvuUpY_b0
508,"Shikwa Nahin Kisi Se | Govinda, Mamta Kulkarni | Naseeb (1997) | Kumar Sanu Popular Sad Songs",Shemaroo Filmi Gaane,English/International,2020s,Very Popular,13756082,55501,349,5:49,2025-08-08T13:31:01Z,lr2DPrrRCM8,https://www.youtube.com/watch?v=lr2DPrrRCM8
509,"ARIJIT SINGH VERSION: Bekhayali Full Song | Kabir Singh | Shahid K,Kiara A | Sandeep Reddy V| Irshad",T-Series,Hindi,2010s,Top Hit,123071494,901699,354,5:54,2019-07-06T12:58:05Z,Ps4aVpIESkc,https://www.youtube.com/watch?v=Ps4aVpIESkc
510,"Tujhko Na Dekhun To | Jaanwar (1999) | Akshay Kumar, Aditya Kapadia | Sunidhi Chauhan | Udit Narayan",Dard Bhare Gaane,English/International,2020s,Very Popular,22319054,89153,279,4:39,2024-12-24T12:30:20Z,R_hgljObGIM,https://www.youtube.com/watch?v=R_hgljObGIM
511,Naina - Dangal | Aamir Khan | Arijit Singh | Pritam | Amitabh Bhattacharya | New Song 2017,Zee Music Company,Hindi,2010s,Top Hit,196642920,1344336,154,2:34,2017-01-02T10:30:04Z,KzBa4ZKTVjE,https://www.youtube.com/watch?v=KzBa4ZKTVjE
512,"Agar Tu Hota Full Video Song |  BAAGHI | Tiger Shroff, Shraddha Kapoor | Ankit Tiwari |T-Series",T-Series,Hindi,2010s,Very Popular,64708594,610860,207,3:27,2016-05-04T13:41:00Z,y1AhnOVOKSU,https://www.youtube.com/watch?v=y1AhnOVOKSU
513,"Lyrical Video: Layi Vi Na Gayee | Chalte Chalte | Sukhwinder Singh | Shah Rukh Khan, Rani Mukherjee",T-Series Bollywood Classics,Hindi,2010s,Top Hit,268965211,1248425,341,5:41,2018-10-15T07:02:01Z,-eHD6CafrPQ,https://www.youtube.com/watch?v=-eHD6CafrPQ
514,Main Dhoondne Ko Zamaane Mein,Arijit Singh - Topic,English/International,2010s,Very Popular,55264589,491713,263,4:23,2015-06-23T13:47:23Z,FQyKzz3NFcc,https://www.youtube.com/watch?v=FQyKzz3NFcc
515,"Baaghi 4: Marjaana (Lyrics) | Tiger Shroff, Harnaaz, Sanjay D, Sonam B | B Praak, Siddhaant, Sameer",T-Series,Punjabi,2020s,Very Popular,52438798,477886,338,5:38,2025-09-07T05:30:33Z,nq2i2VyrF2c,https://www.youtube.com/watch?v=nq2i2VyrF2c
516,KYON - Official Lyrical Video | B Praak | Payal Dev | Kunaal Vermaa | Aditya Dev | Sad Song,Apni Dhun,Punjabi,2020s,Top Hit,110520516,1389077,278,4:38,2020-07-06T05:19:21Z,pxQyPsw3ro8,https://www.youtube.com/watch?v=pxQyPsw3ro8
517,Hum Royenge Itna (LYRICS) Aleena Khan | Bachpan Mein Jise | Heart Broken Song | Sad Love Song,Md Islam 047 Music,English/International,2020s,Very Popular,18916079,143023,313,5:13,2021-05-01T13:33:18Z,mtEDHGH9rB0,https://www.youtube.com/watch?v=mtEDHGH9rB0
518,"LYRICAL: Tujhe Kitna Chahne Lage | Kabir Singh | Mithoon Feat. Arijit Singh | Shahid Kapoor, Kiara A",T-Series,Hindi,2010s,Top Hit,238558208,1834417,293,4:53,2019-06-07T07:33:22Z,2IGDsD-dLF8,https://www.youtube.com/watch?v=2IGDsD-dLF8
519,"TUM BIN Full Video Song | SANAM RE | Pulkit Samrat, Yami Gautam, Divya Khosla Kumar | T-Series",T-Series,Hindi,2010s,Very Popular,44928005,405803,280,4:40,2016-02-29T06:31:59Z,gMJFzXZ103Y,https://www.youtube.com/watch?v=gMJFzXZ103Y
520,𝐏𝐡𝐢𝐫 𝐁𝐡𝐢 𝐓𝐮𝐦𝐤𝐨 𝐂𝐡𝐚𝐚𝐡𝐮𝐧𝐠𝐚💖 – 𝐅𝐮𝐥𝐥 𝐒𝐨𝐧𝐠 | Arijit Singh | Arjun Kapoor & Shraddha K | Mithoon | Manoj M,Zee Music Company,Hindi,2010s,Top Hit,1257000008,6804322,362,6:02,2017-07-06T13:48:11Z,_iktURk0X-A,https://www.youtube.com/watch?v=_iktURk0X-A
521,"Tune Jo Na Kaha Song | New York | John Abraham, Katrina Kaif, Neil Nitin M | Mohit Chauhan | Pritam",YRF,Hindi,2010s,Top Hit,187607164,1452111,144,2:24,2019-05-06T07:42:50Z,dTu5dTEzVM4,https://www.youtube.com/watch?v=dTu5dTEzVM4
522,"Kyo Kisi Ko (Video Song)| Tere Naam | Salman Khan, Bhumika Chawla  |Udit Narayan, Himesh Reshammiya",T-Series,Hindi,2020s,Top Hit,261877765,1948263,303,5:03,2021-09-29T09:57:58Z,iCZfjggJg3M,https://www.youtube.com/watch?v=iCZfjggJg3M
523,"The Xpose: Dard Dilo Ke Full Song (Audio) | Himesh Reshammiya, Yo Yo Honey Singh",T-Series,Hindi,2010s,Top Hit,270846721,1700992,306,5:06,2014-04-04T15:14:44Z,yRBuGmD_a_M,https://www.youtube.com/watch?v=yRBuGmD_a_M
524,Dil Mera Tod Diya,Alka Yagnik - Topic,English/International,2010s,Very Popular,26582858,188875,308,5:08,2015-06-23T13:13:00Z,8z68e4tuxik,https://www.youtube.com/watch?v=8z68e4tuxik
525,"O Bedardeya (Film Version) Tu Jhoothi Main Makkaar | Ranbir, Shraddha | Pritam, Arijit S, Amitabh B",T-Series,Hindi,2020s,Top Hit,159586314,861990,326,5:26,2023-06-04T05:30:09Z,npwn6KVMtFI,https://www.youtube.com/watch?v=npwn6KVMtFI
526,Sajde - Official Music Video | Faheem Abdullah | Huzaif Nazar,Faheem Abdullah,English/International,2020s,Very Popular,58582334,566091,488,8:08,2024-05-11T13:30:07Z,t9dUiCYJpiw,https://www.youtube.com/watch?v=t9dUiCYJpiw
527,Shukriya Shukriya,Agam Kumar Nigam - Topic,English/International,2010s,Very Popular,18735205,83881,328,5:28,2015-06-23T16:38:37Z,i6f5v5ACcFA,https://www.youtube.com/watch?v=i6f5v5ACcFA
528,"कभी जो भूलना चाहूँ | Kabhi Jo Bhoolna Chahoon | Kumar Sanu | Naseeb (1997) | Govinda, Mamta Kulkarni",Shemaroo Filmi Gaane,English/International,2020s,Very Popular,16455548,94694,320,5:20,2025-08-30T13:30:20Z,9Vv1h9-1elw,https://www.youtube.com/watch?v=9Vv1h9-1elw
529,"Lyrical: Jag Soona Soona Lage | Om Shanti Om | Shahrukh Khan, Deepika Padukon",T-Series,Hindi,2010s,Top Hit,123421645,992990,351,5:51,2019-09-02T10:30:01Z,4BjGoXdpk2o,https://www.youtube.com/watch?v=4BjGoXdpk2o
530,"Roke Na Ruke Naina Lyrical Video | Arijit Singh | Varun, Alia | Amaal Mallik""Badrinath Ki Dulhania""",T-Series,Hindi,2010s,Top Hit,239761540,1517129,279,4:39,2017-03-09T07:10:30Z,HyLCgkQtluw,https://www.youtube.com/watch?v=HyLCgkQtluw
531,Tanha Reh Jayege – Aarzoo Khaan | Emotional Hindi Sad Song | New Song 2026 | Arijit Singh Vibe,Aarzoo Khaan,Hindi,2020s,Popular,1242286,7011,430,7:10,2026-06-09T02:00:15Z,RrfFO5NMphc,https://www.youtube.com/watch?v=RrfFO5NMphc
532,"''Tujhe Bhula Diya"" (Full Song) Anjaana Anjaani | Ranbir Kapoor, Priyanka Chopra",T-Series,Hindi,2010s,Top Hit,181106243,1731683,259,4:19,2011-03-18T08:25:33Z,-Hb2DeHvvEg,https://www.youtube.com/watch?v=-Hb2DeHvvEg
533,Tujhe Na Pa Saka – Aarzoo Khaan | Emotional Hindi Sad Song | New Song 2026 | Arijit Singh Vibe,Aarzoo Khaan,Hindi,2020s,Medium,550601,2786,356,5:56,2026-06-14T02:00:07Z,88V1U74rDGc,https://www.youtube.com/watch?v=88V1U74rDGc
534,Party On My Mind,Pritam - Topic,English/International,2020s,Very Popular,12957457,96834,223,3:43,2021-04-11T11:47:15Z,IlsPKUrTAwM,https://www.youtube.com/watch?v=IlsPKUrTAwM
535,"Where's The Party Tonight Full Video - KANK|John, Abhishek, Preity|Shaan, Vasundhara Das",SonyMusicIndiaVEVO,English/International,2010s,Very Popular,29198634,149357,319,5:19,2014-05-22T05:38:18Z,ifT-NS_E7EY,https://www.youtube.com/watch?v=ifT-NS_E7EY
536,Lyrical: Chammak Challo | Ra One | ShahRukh Khan | Kareena Kapoor,T-Series,Hindi,2010s,Top Hit,725679082,3962947,246,4:06,2018-10-14T10:30:00Z,oAVhUAaVCVQ,https://www.youtube.com/watch?v=oAVhUAaVCVQ
537,'One Bottle Down' Full Song with LYRICS | Yo Yo Honey Singh | T-SERIES,T-Series,Hindi,2010s,Top Hit,347765631,1898977,197,3:17,2015-03-30T05:44:13Z,TwFBtV13KQQ,https://www.youtube.com/watch?v=TwFBtV13KQQ
538,"Desi Girl Full Video - Dostana |John, Abhishek, Priyanka | Sunidhi Chauhan, Vishal Dadlani",Sony Music India,Hindi,2010s,Top Hit,187133272,899386,302,5:02,2014-06-12T07:00:02Z,wDIrpvH8MzE,https://www.youtube.com/watch?v=wDIrpvH8MzE
539,Ucha Lamba Kad (Full Audio) | Welcome | Akshay Kumar | Katrina Kaif | Anil Kapoor | Party Song,Times Music,English/International,2020s,Top Hit,103591872,301766,278,4:38,2020-05-13T07:25:03Z,qG4rvr7Iggc,https://www.youtube.com/watch?v=qG4rvr7Iggc
540,It's the Time to Disco - Kal Ho Naa Ho | Shah Rukh Khan | Saif Ali Khan |Preity Zinta |Shaan| KK| 4K,Sony Music India,Hindi,2020s,Very Popular,27039549,148274,311,5:11,2022-04-29T08:30:09Z,Y8ZN7QjQcP0,https://www.youtube.com/watch?v=Y8ZN7QjQcP0
541,"Morni Banke (From ""Badhaai Ho"")",Guru Randhawa - Topic,Punjabi,2010s,Very Popular,20511616,100417,199,3:19,2018-09-26T14:59:58Z,mDeToJRzm7o,https://www.youtube.com/watch?v=mDeToJRzm7o
542,Make Some Noise For The Desi Boyz,Kay Kay - Topic,English/International,2010s,Very Popular,63480085,338107,245,4:05,2014-06-09T23:00:00Z,o0ZXANjujO8,https://www.youtube.com/watch?v=o0ZXANjujO8
543,"Lyrical : Senorita | Zindagi Na Milegi Dobara | Farhan Akhtar, Hrithik Roshan, Abhay Deol",T-Series,Hindi,2010s,Very Popular,89966364,623172,249,4:09,2019-09-15T10:30:01Z,2Z0Put0teCM,https://www.youtube.com/watch?v=2Z0Put0teCM
544,"Guru Randhawa: Morni Banke Video | Badhaai Ho | Tanishk Bagchi | Neha Kakkar | Ayushmann K, Sanya M",T-Series,Punjabi,2010s,Top Hit,237198892,978252,164,2:44,2018-09-26T11:19:05Z,1EadhOBcfI0,https://www.youtube.com/watch?v=1EadhOBcfI0
545,"Pinga - Full Video | Bajirao Mastani | Deepika Padukone, Priyanka Chopra | Shreya Ghoshal | SLB",Sony Music India,Hindi,2010s,Top Hit,417924380,1634941,252,4:12,2016-05-04T04:30:00Z,tzRFLMn4kpM,https://www.youtube.com/watch?v=tzRFLMn4kpM
546,यूपी वाला ठुमका लगाऊ की हीरो जैसे नाच के दिखाऊ - Up Wala Thumka | Govinda Karisma | Sonu,Bollywood Classic Hits,Hindi,2020s,Very Popular,55043513,145639,278,4:38,2023-05-22T10:30:01Z,7SauvQnju4g,https://www.youtube.com/watch?v=7SauvQnju4g
547,"Badi Mushkil Baba Badi Mushkil HD Video Song 1080p | Lajja 2001 | Madhuri Dixit, Manisha Koirala",ShawaN Al MahmuD,English/International,2020s,Very Popular,11052139,78748,303,5:03,2021-06-06T02:56:54Z,6pvrkOyKenI,https://www.youtube.com/watch?v=6pvrkOyKenI
548,Malhari - Full Video Song | Bajirao Mastani | Ranveer Singh | Vishal Dadlani | Sanjay Leela Bhansali,Sony Music India,Hindi,2010s,Top Hit,287048582,1429317,220,3:40,2016-05-04T04:30:01Z,l_MyUGq7pgs,https://www.youtube.com/watch?v=l_MyUGq7pgs
549,Malhari - 8K/4K Music Video | Ranveer Singh | Vishal Dadlani | Bajirao Mastani,Sony Music India,Hindi,2020s,Very Popular,20431136,106114,217,3:37,2025-12-02T10:30:13Z,G-YRF-AE6p0,https://www.youtube.com/watch?v=G-YRF-AE6p0
550,"Thug Le Song | Ladies vs Ricky Bahl | Ranveer Singh, Anushka Sharma | Vishal Dadlani | Shweta Pandit",YRF,Hindi,2010s,Top Hit,141364246,597959,219,3:39,2011-11-21T05:56:53Z,LEYXdZ_rVbo,https://www.youtube.com/watch?v=LEYXdZ_rVbo
551,"Dance Pe Chance | Full Song | Rab Ne Bana Di Jodi | Shah Rukh Khan, Anushka | Sunidhi, Labh Janjua",YRF,Hindi,2010s,Top Hit,219218865,826314,255,4:15,2012-01-19T06:56:56Z,rap8SoUIPaw,https://www.youtube.com/watch?v=rap8SoUIPaw
552,Gore Tan Se Sarakta Jaye - Full Video Song | Akhiyon Se Goli Maare | Govinda | Raveena Tandan,T-Series Bollywood Classics,Hindi,2020s,Top Hit,150106043,269373,256,4:16,2023-07-21T13:30:26Z,kMlMVd7h74M,https://www.youtube.com/watch?v=kMlMVd7h74M
553,"Lat Lag Gayee | Race 2 | Saif Ali Khan, Jacqueline | Benny Dayal, Shalmali | Pritam | Party Song",Tips After Party,Hindi,2020s,Very Popular,30019944,147219,247,4:07,2025-04-10T12:00:18Z,D8LZf22MY9U,https://www.youtube.com/watch?v=D8LZf22MY9U
554,Best Bollywood Dance Songs (1990-2025),Sanam Creates,Hindi,2020s,Popular,1380645,10479,667,11:07,2025-06-24T10:30:06Z,7ceYN88FFGw,https://www.youtube.com/watch?v=7ceYN88FFGw
555,"Full Video :Illegal Weapon 2.0|Street Dancer 3D |Varun D,Shraddha K,Nora|Tanishk B,Jasmine S,Garry S",T-Series,Hindi,2020s,Top Hit,712873598,3549569,218,3:38,2020-02-05T08:31:06Z,GOkJguI8kYc,https://www.youtube.com/watch?v=GOkJguI8kYc
556,"Jai Jai Shivshankar | Full Song | WAR | Hrithik, Tiger | Vishal & Shekhar, Benny | Holi Song",YRF,Hindi,2010s,Top Hit,579207666,3113910,232,3:52,2019-11-04T07:12:55Z,oGneAab3e88,https://www.youtube.com/watch?v=oGneAab3e88
557,"ILLEGAL WEAPON 2.0 8K Video Song | Street Dancer 3D | Varun D,Shraddha K,Nora| Tanishk,Jasmine,Garry",T-Series,Hindi,2020s,Popular,918803,9578,218,3:38,2026-04-28T07:08:35Z,7_Yj7uQbc-c,https://www.youtube.com/watch?v=7_Yj7uQbc-c
558,Afghan Jalebi (Film Version) Lyrics | Phantom | Saif Ali Khan | Katrina Kaif | Pritam |,T-Series,Hindi,2020s,Popular,5087945,31498,225,3:45,2026-06-17T15:14:19Z,uQ5JzXlioWQ,https://www.youtube.com/watch?v=uQ5JzXlioWQ
559,"Saree Ke Fall Sa - 8K/4K Music Video | Shahid, Sonakshi | Antara Mitra, Nakash Aziz | R...Rajkumar",Sony Music India,Hindi,2020s,Very Popular,22100080,159937,242,4:02,2025-12-30T10:30:23Z,ZtgchQLx3ao,https://www.youtube.com/watch?v=ZtgchQLx3ao
560,"Panwadi | Sunny Sanskari Ki Tulsi Kumari | Varun, Janhvi, Rohit, Sanya| A.P.S,Khesari Lal,Masoom,Dev",Sony Music India,Hindi,2020s,Very Popular,64619640,558379,222,3:42,2025-09-10T09:15:19Z,usVq_4K_m_w,https://www.youtube.com/watch?v=usVq_4K_m_w
561,Saaiyaan Lyrical | Kareen Kapoor | Rahat Fateh Ali Khan | Salim-Sulaiman | Bollywood Songs,Sony Music India,Hindi,2020s,Very Popular,20813061,108912,209,3:29,2024-09-21T08:56:13Z,6hjJZv_68vI,https://www.youtube.com/watch?v=6hjJZv_68vI
562,Badnam Kar Diya – Aarzoo Khaan | Emotional Hindi Sad Song | New Song 2026 | Arijit Singh Vibe,Aarzoo Khaan,Hindi,2020s,Popular,1128090,6372,333,5:33,2026-05-13T02:00:16Z,Bhguje7f8WU,https://www.youtube.com/watch?v=Bhguje7f8WU
563,"Dil: Shreya's Version (Lyrical) | Ek Villain Returns | John Disha Arjun Tara | Kaushik-Guddu, Mohit",T-Series,Hindi,2020s,Top Hit,208112702,1211675,329,5:29,2022-08-13T09:30:07Z,nWbj7W_pD9U,https://www.youtube.com/watch?v=nWbj7W_pD9U
564,"Thodi Der - Full Video | Half Girlfriend | Arjun Kapoor, Shraddha Kapoor | Farhan S & Shreya Ghoshal",Bollywood Rewind,Hindi,2020s,Popular,4521768,30760,315,5:15,2026-04-07T13:30:20Z,LeOoSTN-ELc,https://www.youtube.com/watch?v=LeOoSTN-ELc
565,Zindagi Kuch Toh Bata (Reprise) Full Song with LYRICS Pritam | Salman Khan | Bajrangi Bhaijaan,T-Series,Hindi,2010s,Top Hit,170023778,1614066,259,4:19,2015-07-22T07:55:56Z,ITyHqStTDeg,https://www.youtube.com/watch?v=ITyHqStTDeg
566,Khush Raho – Aarzoo Khaan | Emotional Hindi Sad Song | New Song 2026 | Arijit Singh Vibe,Aarzoo Khaan,Hindi,2020s,Popular,2857918,20053,471,7:51,2026-04-13T02:00:41Z,hZQod5IXpFo,https://www.youtube.com/watch?v=hZQod5IXpFo
567,"Deewaniyat (From ""Ek Deewane Ki Deewaniyat"") (Original Motion Picture Soundtrack)",Vishal Mishra - Topic,English/International,2020s,Very Popular,44992590,356320,258,4:18,2025-08-28T10:03:58Z,BU5kkhpgLz8,https://www.youtube.com/watch?v=BU5kkhpgLz8
568,"'Tu Jo Mila' VIDEO Song - K.K. Pritam | Salman Khan, Nawazuddin, Harshaali | Bajrangi Bhaijaan",T-Series,Hindi,2010s,Top Hit,159322535,898292,154,2:34,2015-07-25T09:29:43Z,6DCOjq0omBc,https://www.youtube.com/watch?v=6DCOjq0omBc
569,"'AGAR TUM SAATH HO' Full VIDEO song | Tamasha | Ranbir Kapoor, Deepika Padukone | T-Series",T-Series,Hindi,2010s,Top Hit,176574303,1715008,192,3:12,2015-12-09T09:22:59Z,xRb8hxwN5zc,https://www.youtube.com/watch?v=xRb8hxwN5zc
570,Mann Bharryaa 2.0 - 4K Music Video | Shershaah | Sidharth Malhotra | Kiara Advani | B Praak | Jaani,Sony Music India,Punjabi,2020s,Very Popular,25554743,157397,224,3:44,2024-07-17T11:33:46Z,ZoGYpAID4TY,https://www.youtube.com/watch?v=ZoGYpAID4TY
571,Ankhiyon Ke Jharokhon Se Title Song | Lyrical (HD) | Sachin | Ranjeeta | Classic Romantic Songs,Bollywood Classics,Hindi,2020s,Popular,2604364,9842,416,6:56,2021-09-06T12:30:02Z,Dd1fk-nq5ms,https://www.youtube.com/watch?v=Dd1fk-nq5ms
572,Ankhiyon Ke Jharokhon Se Title Song | Hindi Lyrical | Sachin | Ranjeeta | Classic Romantic Song,Bollywood Classics,Hindi,2020s,Top Hit,123489900,268606,416,6:56,2022-07-02T14:05:31Z,4J0UPLVMjS8,https://www.youtube.com/watch?v=4J0UPLVMjS8
573,"Chhote Chhote Bhaiyon Ke - Hindi Lyrical | Salman Khan, Saif Ali Khan, Tabu, Karishma | HSSH",Bollywood Classics,Hindi,2020s,Top Hit,182959572,435367,247,4:07,2023-06-03T12:30:07Z,JtKjcyc5wh0,https://www.youtube.com/watch?v=JtKjcyc5wh0
574,"O Jiji - Hindi Lyrics Song | Vivah | Shahid Kapoor, Amrita Rao | Pamela Jain, Shreya Ghoshal",Bollywood Classics,Hindi,2020s,Very Popular,83766769,199356,260,4:20,2022-12-17T13:16:42Z,LPD4zi5lUAI,https://www.youtube.com/watch?v=LPD4zi5lUAI
575,"Maiyya Yashoda Hindi Lyrics |Hum Saath Saath Hain | Salman Khan,Tabu, Karishma Kapoor, Saif Ali Khan",Bollywood Classics,Hindi,2020s,Very Popular,46219437,138592,370,6:10,2023-01-02T12:30:06Z,Os_BtReHQNI,https://www.youtube.com/watch?v=Os_BtReHQNI
576,"Kaun Disa Mein Leke Chala Re Batohiya - Nadiya Ke Paar - Hemlata, Jaspal Singh - Ravindra Jain Songs",Bollywood Classics,Hindi,2010s,Top Hit,414103803,1559460,373,6:13,2013-09-19T14:11:21Z,D61BvxAOxm0,https://www.youtube.com/watch?v=D61BvxAOxm0
577,"Maye Ni Maye Lyrical | Hum Aapke Hain Koun | Salman Khan, Madhuri Dixit | Lata Mangeshkar",Bollywood Classics,Hindi,2010s,Very Popular,64693678,168109,254,4:14,2019-06-17T13:00:15Z,XxSv6sDkOGM,https://www.youtube.com/watch?v=XxSv6sDkOGM
578,"Kasam Ki Kasam | Lyrical | Main Prem Ki Diwani Hoon | Kareena Kapoor, Hrithik Roshan, Abhishek",Bollywood Classics,Hindi,2020s,Top Hit,110913234,489428,354,5:54,2020-07-06T13:00:13Z,cmWebp_KYng,https://www.youtube.com/watch?v=cmWebp_KYng
579,"Tauba Tumhare Ishare -Video Song |Shah Rukh Khan,Rani Mukherjee |Chalte Chalte |Abhijeet,Alka Yagnik",T-Series Bollywood Classics,Hindi,2020s,Very Popular,15561911,58956,246,4:06,2025-09-26T05:30:06Z,9DJoNkN1UKM,https://www.youtube.com/watch?v=9DJoNkN1UKM
580,"Aaja Shaam Hone Aayi Lyrical | Maine Pyar Kiya | Salman Khan, Bhagyashree | S. P. B & Lata Hits",Bollywood Classics,Hindi,2020s,Very Popular,30371708,94169,286,4:46,2020-03-02T13:00:19Z,sWoRdwFk2Yw,https://www.youtube.com/watch?v=sWoRdwFk2Yw
581,"Bani Bani Lyrical | Main Prem Ki Deewani Hoon | Kareena, Abhishek, Hrithik | Anu Malik",Bollywood Classics,Hindi,2010s,Top Hit,170002771,366156,414,6:54,2019-10-28T11:00:02Z,CwwSUR0ISPw,https://www.youtube.com/watch?v=CwwSUR0ISPw
582,"Jhilmil Sitaron Ka Aangan Hoga - Mohammad Rafi & Lata Mangeshkar | Dharmendra, Raakhee| Romantic Hit",Bollywood Classics,Hindi,2010s,Top Hit,166638799,462566,322,5:22,2013-09-21T14:15:00Z,v13cUeX6_co,https://www.youtube.com/watch?v=v13cUeX6_co
583,"Dil Deewana  Lyrical | Maine Pyar Kiya | Salman Khan, Bhagyashree | Lata Mangeshkar | Romantic Song",Bollywood Classics,Hindi,2010s,Very Popular,28142021,101775,328,5:28,2019-09-30T13:00:04Z,JlmO1qHUwro,https://www.youtube.com/watch?v=JlmO1qHUwro
584,Mujhse Juda Hokar | Lata Mangeshkar & S. P. Balasubramaniam | Superhit Song | Romantic Song,Bollywood Classics,Hindi,2010s,Top Hit,162643940,575355,349,5:49,2014-02-12T11:45:09Z,Q8bKKn8gBVY,https://www.youtube.com/watch?v=Q8bKKn8gBVY
585,Kishore Kumar : Mere Sapno Ki Rani Kab Aayegi Tu | Rajesh Khanna | Sharmila Tagore,Dard Bhare Songs,English/International,2020s,Very Popular,91563019,337193,431,7:11,2024-04-03T13:49:13Z,UlWAjd9bcKw,https://www.youtube.com/watch?v=UlWAjd9bcKw
586,"Solah Baras Ki Bali Umar Video Song | Ek Duuje Ke Liye | Kamal Haasan, Rati Agnihotri | Lata Didi",Bollywood Classics,Hindi,2010s,Top Hit,168786541,392606,330,5:30,2013-10-23T14:31:29Z,1RIEPUjTXEA,https://www.youtube.com/watch?v=1RIEPUjTXEA
587,Babul - Lyrical | Hum Aapke Hain Koun | Bollywood Wedding Song | Sharda Sinha Songs | Madhuri Dixit,Bollywood Classics,Hindi,2020s,Very Popular,29399174,91307,220,3:40,2022-03-21T12:30:06Z,GYVYAnSe93M,https://www.youtube.com/watch?v=GYVYAnSe93M
588,"Chand Jaise Mukhde Pe (Lyrical) | Yesudas | Arun Govil, Zarina Wahab | Old Classical Romantic Song",Bollywood Classics,Hindi,2020s,Popular,9330191,36589,286,4:46,2024-03-02T12:30:25Z,ka6OAmB4UqY,https://www.youtube.com/watch?v=ka6OAmB4UqY
589,"Aaj Humaare Dil Mein | Lyrical | Hum Aapke Hain Koun | Salman, Madhuri | Lata Didi & Kumar Sanu Hits",Bollywood Classics,Hindi,2020s,Top Hit,117322478,264843,337,5:37,2021-11-15T12:30:02Z,ABqsJBSBNBw,https://www.youtube.com/watch?v=ABqsJBSBNBw
590,Tera Rang Balle Balle | Jaspinder Narula | Sonu Nigam | Soldier (1998) | Bollywood Song,Bollywood Classic Hits,Hindi,2020s,Very Popular,81431637,240572,289,4:49,2024-10-23T07:30:02Z,7xPA_if3FF8,https://www.youtube.com/watch?v=7xPA_if3FF8
591,Aane Se Uske Aaye Bahar - Jeene Ki Raah - Mohammed Rafi Hit Songs - Laxmikant Pyarelal Songs,Bollywood Classics,Hindi,2010s,Very Popular,95665280,360354,191,3:11,2013-09-23T14:48:34Z,GNTNnp5rk5E,https://www.youtube.com/watch?v=GNTNnp5rk5E
592,Mere Mehboob Qayamat Hogi - Hindi Lyrics | मेरे महबूब कयामत होगी | Kishore Kumar Hit Songs,Bollywood Classics,Hindi,2020s,Top Hit,147607420,721774,293,4:53,2022-03-26T13:16:23Z,JKgD6vinf5Q,https://www.youtube.com/watch?v=JKgD6vinf5Q
593,"Yeh To Sach Hai Ke Bhagwan Hai | Pratima Rao, Hariharan, Ghansham Vaswani | Mohnish Bahl Special",Bollywood Classics,Hindi,2020s,Very Popular,16228779,62079,428,7:08,2025-08-13T13:10:34Z,5fbW4DzEbE0,https://www.youtube.com/watch?v=5fbW4DzEbE0
594,"Mere Rang Me Rangne Wali Video Song | Maine Pyar Kiya | Salman Khan, Bhagyashree | S P B Hit Songs",Bollywood Classics,Hindi,2010s,Very Popular,92347532,496056,384,6:24,2013-12-12T13:49:22Z,T9RQrpuPt6o,https://www.youtube.com/watch?v=T9RQrpuPt6o
595,"Mhare Hiwda Mein Lyrical | Hum Saath Saath Hain | Salman Khan, Karishma Kapoor, Saif Ali Khan, Tabu",Bollywood Classics,Hindi,2010s,Top Hit,108994288,250286,386,6:26,2019-06-24T13:00:10Z,c0wd8f6HGUo,https://www.youtube.com/watch?v=c0wd8f6HGUo
596,Joote De Do Paise Le Lo (Hindi Lyrical) | Salman Khan Madhuri Dixit | Hum Aapke Hai Kaun,Bollywood Classics,Hindi,2020s,Very Popular,25668102,62409,399,6:39,2023-11-11T12:30:39Z,zQvSuYBojc4,https://www.youtube.com/watch?v=zQvSuYBojc4
597,Gori Tera Gaon X Aaj Se Pehle | Amol Palekar Hit Songs | Chitchor | Fusion Video Song,Bollywood Classics,Hindi,2020s,Popular,6347795,28988,555,9:15,2023-09-22T12:30:12Z,JbKrK8OVFz4,https://www.youtube.com/watch?v=JbKrK8OVFz4
598,Lata Mangeshkar: Megha Re Megha Re | Old Classic Bollywood Song | Pyasa Sawan Movie | Suresh Wadkar,Dard Bhare Songs,Hindi,2020s,Very Popular,20247354,60537,663,11:03,2023-08-02T12:20:12Z,jn9nzWqO8kE,https://www.youtube.com/watch?v=jn9nzWqO8kE
599,Sawan Ka Mahina Pawan Kare Sor - Milan - Mukesh & Lata Mangeshkar - Laxmikant Pyarelal Hit Songs,Bollywood Classics,Hindi,2010s,Very Popular,48434161,185605,330,5:30,2013-09-06T13:51:50Z,xOF7JWJqHEc,https://www.youtube.com/watch?v=xOF7JWJqHEc
600,Yeh Jeevan Hai Is Jeevan Ka - Lyrical | Piya Ka Ghar | Anil Dhawan & Jaya Bhaduri | Kishore Kumar,Bollywood Classics,Hindi,2020s,Very Popular,16536552,71991,218,3:38,2021-10-18T12:30:27Z,yyMAbNxvRn8,https://www.youtube.com/watch?v=yyMAbNxvRn8
601,"Suno Na Suno Na - Video Song | Abhijeet | Chalte Chalte | Shah Rukh Khan, Rani Mukherjee",T-Series Bollywood Classics,Hindi,2020s,Popular,5487153,21947,307,5:07,2025-10-29T13:31:12Z,wbbgTsMihO0,https://www.youtube.com/watch?v=wbbgTsMihO0
602,Ek Chatur Naar Badi Hoshiyaar - Kishore Kumar & Manna Dey's Superhit Song - R D Burman Songs,Bollywood Classics,Hindi,2010s,Top Hit,144107911,938209,373,6:13,2013-10-17T14:13:54Z,lGfTQ-YFjIE,https://www.youtube.com/watch?v=lGfTQ-YFjIE
603,Sunayana Aaj In Nazaron Ko Lyrical | Sunayana | Yesudas | Ravindra Jain | Naseeruddin Shah,Bollywood Classics,Hindi,2020s,Popular,9326524,34385,342,5:42,2022-06-29T12:40:46Z,op6blgiYNa0,https://www.youtube.com/watch?v=op6blgiYNa0
604,"Aksar Iss Duniya Mein HD Video | Dhadkan | Akshay Kumar, Sunil Shetty, Shilpa S, Mahima Chaudhary",Munawwar Ali,English/International,2020s,Top Hit,100952363,335905,716,11:56,2025-07-18T07:00:59Z,v1aJkA0ZT5I,https://www.youtube.com/watch?v=v1aJkA0ZT5I
605,"Tere Dware Pe Aayi Baraat (Hindi Lyrical) | Vivah | Shahid Kapoor, Amrita Rao | Wedding Song",Bollywood Classics,Hindi,2020s,Very Popular,19919237,55024,267,4:27,2024-01-27T12:30:18Z,JV3J73YXj4A,https://www.youtube.com/watch?v=JV3J73YXj4A
606,"Yeh Mausam Ka Jaadu Hai Mitwa | Lyrical Song | Hum Aapke Hain Koun | Salman Khan, Madhuri Dixit",Rajshri,English/International,2010s,Very Popular,12264887,55808,303,5:03,2018-07-31T14:30:00Z,0UJbl8H3_No,https://www.youtube.com/watch?v=0UJbl8H3_No
607,Le Toh Aaye Ho Hame Sapno Ke Gaon Mein - Hemlata Songs - Ravindra Jain Hit Songs,Bollywood Classics,Hindi,2010s,Very Popular,64759425,169777,212,3:32,2015-02-28T12:30:01Z,W-Hjah2Ir3w,https://www.youtube.com/watch?v=W-Hjah2Ir3w
608,Baharon Phool Barsao - Hindi Lyrics | बहारों फूल बरसाओ | Suraj | Rajendra Kapoor | Mohammed Rafi,Bollywood Classics,Hindi,2020s,Very Popular,36049649,100591,266,4:26,2022-04-09T16:01:27Z,M8ichCVyxhQ,https://www.youtube.com/watch?v=M8ichCVyxhQ
609,"Deewangi Deewangi - Video Song | Om Shanti Om | Vishal-Shekhar | Shahrukh Khan, Deepika Padukone",T-Series Bollywood Classics,Hindi,2020s,Very Popular,20798731,134930,548,9:08,2025-12-23T05:30:11Z,8ytVgSNR8aE,https://www.youtube.com/watch?v=8ytVgSNR8aE
610,Shyam Teri Bansi Pukare | Lyrical (HD) | Geet Gaata Chal | Sachin & Sarika | Ravindra Jain Hits,Bollywood Classics,Hindi,2020s,Very Popular,33676581,127881,349,5:49,2021-09-13T12:30:11Z,oKfXB3dB4_o,https://www.youtube.com/watch?v=oKfXB3dB4_o
611,Tum Agar Saath Dene Ka Vaada Karo - Mahendra Kapoor | Hamraaz | BR Chopra | 60s Classic Hit,NH Hindi Songs,Hindi,2020s,Very Popular,92088110,215566,439,7:19,2023-04-19T12:36:41Z,TamCXFaGskI,https://www.youtube.com/watch?v=TamCXFaGskI
612,"Kal Jisne Janam Yahan Paaya Video Song | Vivah | Shahid Kapoor, Amrita Rao | Ravindra Jain",Bollywood Classics,Hindi,2010s,Very Popular,42453608,142402,474,7:54,2019-07-31T13:00:02Z,D8sPrBnhbaQ,https://www.youtube.com/watch?v=D8sPrBnhbaQ
613,"Chhote Chhote Bhaiyon Ke Lyrical | Hum Saath Saath Hain | Salman Khan, Saif Ali Khan, Tabu Karisma",Bollywood Classics,Hindi,2010s,Top Hit,343580379,1028459,252,4:12,2019-11-04T13:00:04Z,Bn6py6OHsOM,https://www.youtube.com/watch?v=Bn6py6OHsOM
614,"Do Anjaane Ajnabi Lyrical | Vivah | Shahid Kapoor, Amrita Rao | Udit Narayan, Shreya Ghoshal",Bollywood Classics,Hindi,2010s,Very Popular,46334682,160907,300,5:00,2019-03-11T13:00:05Z,bMesOJ_5b_k,https://www.youtube.com/watch?v=bMesOJ_5b_k
615,No. 1 Punjabi | Chori Chori Chupke Chupke (2001) | Salman Khan | Rani Mukherjee | NH Hindi Songs,NH Hindi Songs,Punjabi,2020s,Top Hit,106710965,269464,323,5:23,2020-08-16T04:30:00Z,9e33eoRA47o,https://www.youtube.com/watch?v=9e33eoRA47o
616,"Hamari Shaadi Mein | Lyrical | Vivah | Shahid Kapoor, Amrita Rao | Rajshri Songs | Shreya Ghosal",Bollywood Classics,Hindi,2020s,Very Popular,68132809,187962,323,5:23,2020-07-29T13:00:15Z,uH7ApCOwc14,https://www.youtube.com/watch?v=uH7ApCOwc14
617,Teri Maya Ka (Hindi Lyrical) | Famous Sri Krishna Bhajan | Ravindra Jain Song,Bollywood Classics,Hindi,2020s,Popular,7962435,38926,381,6:21,2023-10-28T12:30:28Z,jtuZwc7enkk,https://www.youtube.com/watch?v=jtuZwc7enkk
618,"Bade Badai Na Kare Video Song | Ankhiyon Ke Jharokhon Se | Ravindra Jain | Hemlata, Jaspal Singh",Bollywood Classics,Hindi,2010s,Top Hit,116374157,364627,333,5:33,2014-03-08T10:30:01Z,zdfKb5njqtU,https://www.youtube.com/watch?v=zdfKb5njqtU
619,Asha Bhosle's Sajana Hai Mujhe Sajna Ke Liye | Video Song | Saudagar | Padma Khanna | Ravindra Jain,Bollywood Classics,Hindi,2010s,Very Popular,37925075,170489,262,4:22,2013-10-02T11:30:01Z,ZTEy8F0zroI,https://www.youtube.com/watch?v=ZTEy8F0zroI
620,Kishore Kumar : Musafir Hoon Yaaron | Jeetendra | Old Hindi Song,Dard Bhare Songs,Hindi,2020s,Very Popular,36026712,158177,473,7:53,2023-09-01T13:04:44Z,kDPNcxHGkmY,https://www.youtube.com/watch?v=kDPNcxHGkmY
621,Mausam Ka Jaadu | 90's Evergreen Romantic Song | Salman Khan | Madhuri Dixit | 4K Video Song,Bollywood Classics,Hindi,2020s,Medium,221650,1094,296,4:56,2026-07-14T06:30:20Z,OqdDeQx72Oc,https://www.youtube.com/watch?v=OqdDeQx72Oc
622,"""Mere Pyaar Ki Umar Ho Itni Sanam"" Full Video | Waaris | Lata Mangeshkar | Amrita Singh, Raj Babbar",T-Series Bollywood Classics,Hindi,2020s,Top Hit,188813566,599017,354,5:54,2020-06-09T09:43:12Z,60U-LwYARMg,https://www.youtube.com/watch?v=60U-LwYARMg
623,"Aaj Se Pehle Aaj Se Zyada Video Song | Chitchor  | Amol Palekar,  Zarina Wahab| K. J. Yesudas Songs",Bollywood Classics,Hindi,2010s,Very Popular,25197567,94197,350,5:50,2013-11-12T14:38:44Z,ZQWsXl2BDt8,https://www.youtube.com/watch?v=ZQWsXl2BDt8
624,Aane Se Uske Aaye Bahar - Lyrics | Jeene Ki Raah | Mohammad Rafi Hit Song | Laxmikant Pyarelal,Bollywood Classics,Hindi,2020s,Popular,4467725,28806,220,3:40,2022-11-14T12:30:16Z,Q3R9rBl0Fow,https://www.youtube.com/watch?v=Q3R9rBl0Fow
625,Kabootar Ja Ja Ja - Lata Mangeshkar & S P Balasubramaniam's Duet - Bhagyashree Songs,Bollywood Classics,Hindi,2010s,Top Hit,261379144,602390,462,7:42,2013-11-06T14:26:40Z,Fzw49vnGhxU,https://www.youtube.com/watch?v=Fzw49vnGhxU
626,"Main Ek Raja Hoon - Video Song | Jaya Bachchan, Swaroop Dutt | Mohammad Rafi |Laxmikant Pyarelal",Bollywood Classics,Hindi,2010s,Very Popular,60790064,148922,275,4:35,2015-03-11T04:30:00Z,B9WSRw-ObEY,https://www.youtube.com/watch?v=B9WSRw-ObEY
627,"Joote De Do Paise Le Lo | Lyrical | Hum Aapke Hain Koun | Salman Khan, Madhuri Dixit | Ram Laxman",Bollywood Classics,Hindi,2020s,Very Popular,20152955,80706,396,6:36,2020-07-27T13:00:01Z,1bFdooCz6bY,https://www.youtube.com/watch?v=1bFdooCz6bY
628,"Aankhon Ki Gustakhiyan Full Song | Hum Dil De Chuke Sanam | Kavita K,Kumar Sanu| Aishwarya, Salman K",T-Series Bollywood Classics,Hindi,2010s,Very Popular,89682413,390333,299,4:59,2013-09-03T12:33:42Z,7k5gM4ClRRo,https://www.youtube.com/watch?v=7k5gM4ClRRo
629,Dhiktana Dhiktana (PART-1) | S. P. Balasubrahmanyam | Family Song | Hum Aapke Hain Kaun (1994) | 4K,Bollywood Classics,Hindi,2020s,Low,93524,434,312,5:12,2026-07-28T12:30:07Z,TfJ2l1CaehQ,https://www.youtube.com/watch?v=TfJ2l1CaehQ
630,"Sunoji Dulhan (Hindi Lyrical) | Salman Khan, Karisma Kapooor, Saif Ali Khan | Hum Saath Saath Hain",Bollywood Classics,Hindi,2020s,Very Popular,53897810,167450,716,11:56,2023-12-30T12:30:13Z,UMznMVmNZ4w,https://www.youtube.com/watch?v=UMznMVmNZ4w
631,"KHAIRIYAT 8K - BONUS TRACK | Sushant Singh Rajput,Shraddha Kapoor |Pritam |Arijit Singh | Chhichhore",T-Series,Hindi,2020s,Very Popular,74385768,144349,226,3:46,2025-07-23T11:36:57Z,9pIXNy-pS10,https://www.youtube.com/watch?v=9pIXNy-pS10
632,"Tujh Mein Rab Dikhta Hai Song | Rab Ne Bana Di Jodi | Shah Rukh Khan, Anushka Sharma | Roop Kumar",YRF,Hindi,2010s,Top Hit,1509878444,7457464,282,4:42,2012-01-19T07:34:47Z,qoq8B8ThgEM,https://www.youtube.com/watch?v=qoq8B8ThgEM
633,"Full Song: KHAIRIYAT (BONUS TRACK) | CHHICHHORE | Sushant, Shraddha | Pritam, Amitabh B|Arijit Singh",T-Series,Hindi,2010s,Top Hit,1278683597,8502837,239,3:59,2019-09-26T11:15:00Z,hoNb6HuNmU0,https://www.youtube.com/watch?v=hoNb6HuNmU0
634,"Gum Hai Kisi Ke Pyar Mein | Lata Mangeshkar, Kishore Kumar | Raampur Ka Lakshman Songs 1972 | Rekha",Goldmines Gaane Sune Ansune,English/International,2010s,Very Popular,57639475,297746,271,4:31,2015-09-26T01:30:00Z,sPiOMuvzSI8,https://www.youtube.com/watch?v=sPiOMuvzSI8
635,"Dekha Ek Khwab Song | Silsila | Amitabh Bachchan, Rekha | Kishore Kumar, Lata Mangeshkar, Shiv-Hari",YRF,Hindi,2010s,Top Hit,383174198,2166743,267,4:27,2015-12-22T15:30:00Z,7dO_MS9tZ5E,https://www.youtube.com/watch?v=7dO_MS9tZ5E
636,तेरा मेरा प्यार अमर | Tera Mera Pyar Amar | Asli Naqli | Lata Mangeshkar | Evergreen Hindi Songs,Shemaroo Filmi Gaane,Hindi,2010s,Top Hit,109618805,672155,235,3:55,2011-12-02T15:46:10Z,BV0-rrdPJKw,https://www.youtube.com/watch?v=BV0-rrdPJKw
637,Kishore - Lata Mangeshkar Hits | Kora Kagaz Tha Yeh Man Mera | Aradhana Movie Song | 70s Hindi Hits,Dard Bhare Songs,Hindi,2020s,Very Popular,27748329,86471,470,7:50,2023-11-18T16:33:10Z,NOFA93ejyHs,https://www.youtube.com/watch?v=NOFA93ejyHs
638,"Pal Bhar Ke Liye Koi Humein 4K Song | Johny Mera Naam(1970) | Dev Anand, Hema Malini | Romantic Song",Shemaroo Filmi Gaane,English/International,2020s,Very Popular,20192853,82959,284,4:44,2025-01-09T13:30:38Z,t2fl4GALQ8E,https://www.youtube.com/watch?v=t2fl4GALQ8E
639,"जो तुमको हो पसंद (HD) Old Hindi Classic Song : Sharmila Tagore, Feroz Khan | Mukesh | Safar (1970)",SuperHit Gaane,Hindi,2020s,Popular,9527607,46768,253,4:13,2022-07-30T11:30:00Z,-SSp7w7Y9rU,https://www.youtube.com/watch?v=-SSp7w7Y9rU
640,"Yeh Mana Meri Jaan Mohabbat Saza Hai : Mohd Rafi Hits Song | Pavin Nischol, Priya R | Hanste Zakham",Gaane 70s 80s,English/International,2020s,Very Popular,14326664,48884,462,7:42,2024-02-04T06:30:17Z,xXDTVuP0xQU,https://www.youtube.com/watch?v=xXDTVuP0xQU
641,"Wada Karle Sajna Tere Bina | Mohammed Rafi, Lata Mangeshkar | Haath Ki Safai Songs | Vinod Khanna",Goldmines Gaane Sune Ansune,English/International,2010s,Very Popular,65944459,190982,287,4:47,2016-02-08T04:00:00Z,9nkADFXXL0s,https://www.youtube.com/watch?v=9nkADFXXL0s
642,Milo Na Tum To Hum Ghabraye 4k | Lata Mangeshkar Songs | Raaj Kumar | Heer Rajha Movie | 70s Song,Gaane 70s 80s,English/International,2020s,Very Popular,27726352,100347,388,6:28,2024-04-07T13:00:00Z,03sqseRqpMg,https://www.youtube.com/watch?v=03sqseRqpMg
643,Kishore Kumar : O Majhi Re Apna Kinara Nadiya Ki Dhara | Sad Hindi Song | Jeetendra | Old 70s Song,Dard Bhare Songs,Hindi,2020s,Popular,8508652,42693,455,7:35,2024-09-15T04:30:09Z,MxhRnk367DE,https://www.youtube.com/watch?v=MxhRnk367DE
644,Chura Liya Hai Tumne Jo Dil Ko | Lyrical | Zeenat Aman | Asha Bhosle,Old Hindi Songs,Hindi,2020s,Very Popular,55529672,254669,299,4:59,2024-10-25T10:00:38Z,XuCp0r3vhPQ,https://www.youtube.com/watch?v=XuCp0r3vhPQ
645,Aaj Kal Tere Mere Pyar Ke Charche | Brahmachari (1968) | Shammi Kapoor | Mumtaz | Pran | Hindi Song,NH Hindi Songs,Hindi,2020s,Very Popular,44155886,184711,293,4:53,2020-10-15T11:30:01Z,-IBL3GMzvuw,https://www.youtube.com/watch?v=-IBL3GMzvuw
646,Kishore Kumar: Pyar Deewana Hota Hai Mastana Hota Hai | Dard Geet Bollywood | 70s Ols Song,Dard Bhare Songs,Hindi,2020s,Very Popular,31876359,85289,462,7:42,2023-08-23T09:53:34Z,-qMdbL15rvk,https://www.youtube.com/watch?v=-qMdbL15rvk
647,Lata Mangeshkar : Bahon Mein Chale Aao Full Song | Sanjeev Kumar | Jaya Bhaduri | 70s Old Hindi Song,Dard Bhare Songs,Hindi,2020s,Very Popular,11403803,44631,406,6:46,2024-04-20T12:30:02Z,2ipr5drgUQA,https://www.youtube.com/watch?v=2ipr5drgUQA
648,"""Humne Toh Bas Kaliyan Maangi | Soul-Stirring Melody from Pyaasa (1957) | Hemant Kumar  | Guru Dutt",SuperHit Gaane,English/International,2020s,Very Popular,12429690,191709,264,4:24,2023-06-25T12:00:41Z,t6nHfdKgshg,https://www.youtube.com/watch?v=t6nHfdKgshg
649,"Deewana Hua Badal 4K Song - Kashmir Ki Kali | Mohammed Rafi | Sharmila Tagore, Shammi Kapoor",SuperHit Gaane,English/International,2020s,Very Popular,30409826,159035,346,5:46,2021-07-20T15:51:42Z,O0I61W2pMss,https://www.youtube.com/watch?v=O0I61W2pMss
650,Khwaab Ho Tum Ya Koi | Teen Deviyan | Dev Anand | Romantic Old Hindi Songs | Kishore Kumar,Shemaroo Filmi Gaane,Hindi,2010s,Very Popular,44821808,298917,369,6:09,2011-05-25T13:55:12Z,Jw4wLVnFJ-E,https://www.youtube.com/watch?v=Jw4wLVnFJ-E
651,Kisi Ki Muskurahaton Pe Ho Nisar | Raj Kapoor | Anari | Mukesh | Evergreen Hindi Songs HD,Shemaroo Filmi Gaane,Hindi,2010s,Top Hit,229159372,2347851,249,4:09,2011-12-02T15:47:10Z,69pPYkGiEAQ,https://www.youtube.com/watch?v=69pPYkGiEAQ
652,"Kehdoon Tumhen Ya Chup Rahun 4K | Deewaar (1975) | Shashi Kapoor, Neetu Singh | Popular Hindi Song",Shemaroo Filmi Gaane,Hindi,2020s,Very Popular,27830751,104625,242,4:02,2025-01-24T13:30:00Z,0QlQo5erDJE,https://www.youtube.com/watch?v=0QlQo5erDJE
653,Tere Bina Jiya Jaye Naa 4K Song : Ghar(1978) Lata Mangeshkar | Bollywood Classic Video Song in 4k,SuperHit Gaane,Hindi,2020s,Popular,7025501,38507,283,4:43,2021-10-30T12:30:01Z,-W3hN8dgAy4,https://www.youtube.com/watch?v=-W3hN8dgAy4
654,"Mere Samne Wali Khidki Mein - Padosan - Saira Banu, Sunil Dutt & Kishore Kumar - Old Hindi Songs",Rajshri,Hindi,2000s,Top Hit,114592171,878645,173,2:53,2008-03-13T10:16:14Z,S0WPSYFm7iE,https://www.youtube.com/watch?v=S0WPSYFm7iE
655,Mukesh - Raj Kapoor Sad Song | Ek Din Bik Jayega Mati Ke Mol | 70s Hindi Songs | Dard Bhare Geet,Dard Bhare Songs,Hindi,2020s,Popular,4690845,28537,497,8:17,2024-07-25T06:39:21Z,2M4xmM-hsYc,https://www.youtube.com/watch?v=2M4xmM-hsYc
656,Hum Tere Pyar Mein | Lata Mangeshkar | Rajendra K | Meena Kumari | Dil Ek Mandir | Old Hindi Songs,Old Hindi Songs,Hindi,2020s,Popular,9182015,71280,292,4:52,2025-06-06T08:30:32Z,jTcbNZnzXQA,https://www.youtube.com/watch?v=jTcbNZnzXQA
657,Pal Pal Dil Ke Paas | Retro Hit Songs | Kishore Kumar Romantic Songs | Dharmendra | Blackmail (1973),Retro Hit Songs,English/International,2020s,Very Popular,78027674,137247,317,5:17,2023-06-14T11:30:28Z,mzIuhFx5W1o,https://www.youtube.com/watch?v=mzIuhFx5W1o
658,Aaja Sanam Madhur Chandni | Raj Kapoor | Nargis | Lata Mangeshkar | Manna Dey | Chori Chori 1956,Captain Music,English/International,2020s,Very Popular,22895286,108815,259,4:19,2022-05-27T03:30:01Z,4pcdygKhcC8,https://www.youtube.com/watch?v=4pcdygKhcC8
659,Yeh Sham Mastani | Timeless 70s Classic with lyrics | Kishore Kumar | Rajesh Khanna | Hindi Song,70s Hindi Songs,Hindi,2020s,Very Popular,12083718,52196,297,4:57,2024-08-25T08:33:19Z,xP2OcqFcKSY,https://www.youtube.com/watch?v=xP2OcqFcKSY
660,"Chura Liya Hai Tumne Jo Dil Ko -  Yaadon Ki Baaraat | Zeenat Aman, Vijay Arora",BondTune Hindi,Hindi,2020s,Popular,5607077,46914,279,4:39,2020-02-20T13:30:04Z,seFeZOgyFsc,https://www.youtube.com/watch?v=seFeZOgyFsc
661,"खुदा भी आसमाँ से [4K] Khuda Bhi Aasman Se : Dharti (1970) मोहम्मद रफ़ी, राजेन्द्र कुमार, वहीदा रहमान",SuperHit Gaane,English/International,2020s,Very Popular,15096916,68325,272,4:32,2022-03-02T12:30:01Z,2Q-McgeA-H8,https://www.youtube.com/watch?v=2Q-McgeA-H8
662,Unse Mili Nazar | Jhuk Gaya Aasman | Rajendra Kumar | Saira Banu | Bollywood Songs | Lata Mangeshkar,Shemaroo Filmi Gaane,Hindi,2010s,Very Popular,46024048,228050,233,3:53,2012-06-20T08:48:23Z,5i160jmz6JI,https://www.youtube.com/watch?v=5i160jmz6JI
663,Sagar Kinare Dil Ye Pukare | 60s–70s Retro Romantic Song | Old Bollywood Vibes,Old Love Melodies,Hindi,2020s,Popular,2520404,12898,515,8:35,2026-05-01T12:34:00Z,wxCBsMkeKp4,https://www.youtube.com/watch?v=wxCBsMkeKp4
664,"Tera Mera Saath Rahe - Saudagar - Amitabh Bachchan, Nutan - Old Hindi Songs",Rajshri,Hindi,2000s,Top Hit,111184330,253819,329,5:29,2008-01-15T09:50:30Z,DKRHhVY6kQw,https://www.youtube.com/watch?v=DKRHhVY6kQw
665,Most Viewed Hindi Songs Of Each Decade 70s-80s-90s - Most Popular Songs Each Decade,ADV Creations,Hindi,2020s,Medium,619968,3680,467,7:47,2025-02-07T13:30:06Z,fZ8fI556Ano,https://www.youtube.com/watch?v=fZ8fI556Ano
666,Jidhar Dekhti Hun Udhar Tum Hi Tum Ho | Old Hindi Sad Romantic Song | 60s-70s Vibe #oldhindisongs,Rag Purani,Hindi,2020s,Popular,2569834,12969,305,5:05,2026-05-11T12:30:06Z,zLD2HcdDK4M,https://www.youtube.com/watch?v=zLD2HcdDK4M
667,Main Na Bhoolunga : Mukesh - Lata Mangeshkar | Manoj Kumar | Zeenat Aman | 70s Hindi Song,Dard Bhare Songs,Hindi,2020s,Very Popular,26898641,86219,686,11:26,2024-03-30T11:40:18Z,cE9dNK9ZGlg,https://www.youtube.com/watch?v=cE9dNK9ZGlg
668,"Itna Na Mujhse Tu Pyaar Badha (Duet) - HD Video | Chhaya(1961) | Lata Mangeshkar | Sunil D, Asha P",Sadabahar HD Songs,English/International,2020s,Very Popular,43608687,408903,243,4:03,2022-03-03T12:30:12Z,Q__-cYB1u18,https://www.youtube.com/watch?v=Q__-cYB1u18
669,Zindagi Pyar Ka Geet Hai | Lata M | Rajesh Khanna | Souten - HD,Shemaroo Filmi Gaane,English/International,2010s,Top Hit,366822496,1058559,311,5:11,2011-05-24T07:14:43Z,M9YGUkKphsg,https://www.youtube.com/watch?v=M9YGUkKphsg
670,"Tu Tu Hai Wahi | Yeh Vaada Raha 1982 | Asha Bhosle Hit Song | Rishi Kapoor, Poonam | 80s Love Songs",Shemaroo Musical Maestros,English/International,2020s,Very Popular,12678458,58960,394,6:34,2025-06-13T06:30:35Z,wc19NBL-Xis,https://www.youtube.com/watch?v=wc19NBL-Xis
671,80s Romantic Rain Song | Rim Jhim Gire Saawan (Reimagined) 🌧️ | Tribute Version,Suno Sagar,English/International,2020s,Very Popular,16069979,42564,266,4:26,2026-04-04T18:47:35Z,PiKShGXO_fk,https://www.youtube.com/watch?v=PiKShGXO_fk
672,Ankhiyon Ke Jharokhon Se - Classic Romantic Song - Sachin & Ranjeeta - Old Hindi Songs,Rajshri,Hindi,2000s,Top Hit,245222291,961744,405,6:45,2007-12-19T13:01:30Z,KqpIIaCJggY,https://www.youtube.com/watch?v=KqpIIaCJggY
673,"Tera Naam Liya | Ram Lakhan | Jackie Shroff, Dimple Kapadia | Manhar, Anuradha | 80's Romantic Song",Tips Official,Hindi,2020s,Top Hit,128773781,292835,358,5:58,2023-02-01T03:30:10Z,WWGibhzNyR8,https://www.youtube.com/watch?v=WWGibhzNyR8
674,"Aye Mere Humsafar Full Song | Qayamat Se Qayamat Tak | Udit N | Alka Y| Aamir Khan, Juhi Chawla",T-Series Bollywood Classics,Hindi,2010s,Top Hit,602836567,1900682,314,5:14,2016-07-07T07:19:21Z,sWqjZpBtcxc,https://www.youtube.com/watch?v=sWqjZpBtcxc
675,"मैं तेरे इश्क में | Main Tere Ishq Mein Mar Na Jaun Kahin | Lata Mangeshkar | Mumtaz, Dharmendra",Romantic Gaane,English/International,2020s,Very Popular,84541904,213228,314,5:14,2024-08-07T13:25:15Z,Nr8pXaS5N10,https://www.youtube.com/watch?v=Nr8pXaS5N10
676,💖80's Songs |Ever Green Songs💖 | Old Is Gold |Juke Box | Musiqwryter,MUSIQWRYTER,English/International,2020s,Popular,7532212,60514,690,11:30,2023-08-30T13:47:27Z,ee9HA0HDANs,https://www.youtube.com/watch?v=ee9HA0HDANs
677,Saagar Jaisi Aankhon Wali (Lyrical Video) | Kishore Kumar | R. D. Burman | Revibe | Hindi Songs,Universal Music India,Hindi,2020s,Very Popular,38397536,177368,303,5:03,2023-09-04T12:30:08Z,HpLIPK48a-c,https://www.youtube.com/watch?v=HpLIPK48a-c
678,"Ik Raasta Hai Zindagi | Full Song | Kaala Patthar | Shashi Kapoor | Kishore Kumar, Lata Mangeshkar",YRF,Hindi,2010s,Very Popular,60894974,248166,266,4:26,2016-09-28T13:00:03Z,JTOXKc5mUGU,https://www.youtube.com/watch?v=JTOXKc5mUGU
679,Likhe Jo Khat Tujhe 💌 Full Song : Mohammed Rafi | Shashi Kapoor | Hindi Song 💓 Old | Asha Parekh,Dard Bhare Songs,Hindi,2020s,Very Popular,90076471,296602,446,7:26,2025-07-19T11:56:08Z,L4_b0ulPqdo,https://www.youtube.com/watch?v=L4_b0ulPqdo
680,"Zihaale - E- Miskin (Original Song) Lata Mangeshkar, Shabbir Kumar | Ghulami 1985 Songs | Mithun",Goldmines Gaane Sune Ansune,English/International,2010s,Top Hit,405812620,1135144,385,6:25,2015-09-26T00:30:01Z,QYiTtuwJzTQ,https://www.youtube.com/watch?v=QYiTtuwJzTQ
681,Hoshwalon Ko Khabar Kya | Aamir Khan | Sonali Bendre | Sarfarosh Movie | Jagjit Singh | 90's Hits,Tips Official,Hindi,2010s,Top Hit,120194284,691723,306,5:06,2011-10-21T17:32:12Z,hZuwe72Rtcc,https://www.youtube.com/watch?v=hZuwe72Rtcc
682,Chhu Kar Mere Manko (Lyrical Video) | Kishore Kumar | Rajesh Roshan | Revibe | Hindi Songs,Universal Music India,Hindi,2020s,Very Popular,28688274,54520,240,4:00,2025-05-23T05:30:08Z,Hhy2oES74eQ,https://www.youtube.com/watch?v=Hhy2oES74eQ
683,Yeh Shaam Mastani (Lyrics) - Kishore Kumar | Rajesh Khanna | Kati Patang,DreamTrax,English/International,2020s,Popular,2401653,20137,246,4:06,2021-03-29T08:22:43Z,h78lTicDMSo,https://www.youtube.com/watch?v=h78lTicDMSo
684,Oh Hansini Video Song | Zehreela Insaan | Kishore Kumar | R D Burman | Old Hindi Songs,Gaane Naye Purane,Hindi,2020s,Popular,6240062,24012,426,7:06,2024-12-18T14:30:22Z,i3CLa1YpmN4,https://www.youtube.com/watch?v=i3CLa1YpmN4
685,"""Bas Ek Sanam Chahiye Aashiqui Ke Liye"" Lyrical Video | Aashiqui | Kumar Sanu | Rahul R, Anu Agarwal",T-Series Bollywood Classics,Hindi,2010s,Top Hit,188876542,788016,371,6:11,2016-10-17T18:30:01Z,fBylcT-TWZw,https://www.youtube.com/watch?v=fBylcT-TWZw
686,"Main Duniya Bhula Doonga - Lyrical Video Song || Aashiqui | Kumar Sanu | Rahul Roy, Anu Agarwal",T-Series Bollywood Classics,Hindi,2010s,Top Hit,169800643,680479,316,5:16,2016-10-14T07:45:53Z,otQmzlm-s7Q,https://www.youtube.com/watch?v=otQmzlm-s7Q
687,O Mere Dil Ke Chain,Kishore Kumar - Topic,English/International,2010s,Very Popular,38317172,271533,274,4:34,2019-02-26T19:52:47Z,CrnRqE8hOIc,https://www.youtube.com/watch?v=CrnRqE8hOIc
688,"""Pyar Kabhi Kam Nahi Karna"" Lyrical Video | Prem Pratigyaa |Bappi Lahiri,Asha Bhosle |Mithun,Madhuri",T-Series Bollywood Classics,Hindi,2010s,Top Hit,223551059,625538,428,7:08,2017-03-15T11:08:53Z,DG2jnLw_S7k,https://www.youtube.com/watch?v=DG2jnLw_S7k
689,Phoolon Sa Chehra Tera | Anari | Udit Narayan | 90's Hindi Song,Bollywood Hits,Hindi,2020s,Top Hit,335581133,1077933,333,5:33,2022-05-01T02:30:13Z,b5m2kHOSGzI,https://www.youtube.com/watch?v=b5m2kHOSGzI
690,Pyaar Ka Anjaam Kisne Socha | Kumar Sanu | Akshay Kumar | Kareena | Nadeem-Shravan | 90's Hindi Song,Reels Trending Hindi Songs,Hindi,2020s,Popular,6168752,13814,407,6:47,2025-03-16T09:30:11Z,WczpE9-h9Zs,https://www.youtube.com/watch?v=WczpE9-h9Zs
691,"Ab Tere Dil Mein Hum Aa Gaye -4K | Kumar Sanu, Alka Yagnik | Akshay Kumar, Madhuri Dixit | Aarzoo",MusicBird Studio,English/International,2020s,Very Popular,28035777,80033,388,6:28,2025-09-23T05:15:03Z,EiZ1pU8i75Q,https://www.youtube.com/watch?v=EiZ1pU8i75Q
692,"Zindagi Main Tujhi Pe Lutaunga | Udit Narayan, Alka Yagnik | Jaani Dushman 2002 Songs | Arman Kohli",Goldmines Gaane Sune Ansune,English/International,2010s,Top Hit,185591077,629423,313,5:13,2016-03-20T04:00:01Z,YJjl1LB1RrY,https://www.youtube.com/watch?v=YJjl1LB1RrY
693,Deewana Hai Ye Mann | Chori Chori Chupke Chupke(2001) Song | Salman Khan | Rani Mukherjee #4kvideo,NH Bollywood Songs,Hindi,2020s,Top Hit,303796507,834407,252,4:12,2023-02-06T12:30:20Z,wXbkIKUsKII,https://www.youtube.com/watch?v=wXbkIKUsKII
694,"Neeche Phoolon Ki Dukan | Sonu Nigam | Joru Ka Ghulam 2000 Songs | Govinda, Twinkle Khanna",Goldmines Gaane Sune Ansune,English/International,2010s,Top Hit,99385431,401258,264,4:24,2015-11-15T02:30:01Z,D-0UofHeFdc,https://www.youtube.com/watch?v=D-0UofHeFdc
695,"Pyar Dilon Ka Mela Hai | Dulhan Hum Le Jaayenge | Salman, Karisma | Alka Yagnik, Sonu Nigam | 90s",Tips Official,Hindi,2010s,Top Hit,263098558,853902,293,4:53,2011-06-20T12:21:24Z,dc5bEPnBZEk,https://www.youtube.com/watch?v=dc5bEPnBZEk
696,GUZARISH,Javed Ali - Topic,English/International,2010s,Very Popular,76369401,497860,328,5:28,2015-01-28T09:43:03Z,cK9h5PVzRpk,https://www.youtube.com/watch?v=cK9h5PVzRpk
697,Aa Dhoop Maloon MainTere Haathon Mein - Aaja Mahiya | Udit Narayan | Alka Yagnik | Fiza Movie,Hot Hits Hindi,Hindi,2020s,Very Popular,14187576,64190,395,6:35,2024-10-30T02:30:20Z,f6YO8wBvrrg,https://www.youtube.com/watch?v=f6YO8wBvrrg
698,Taal Se Taal,Alka Yagnik - Topic,English/International,2010s,Very Popular,25984642,164515,379,6:19,2018-12-15T06:08:42Z,32USguG8VNM,https://www.youtube.com/watch?v=32USguG8VNM
699,Bhool Ja (Official Video) Shaan | Tanha Dil | 2000s Super Hit Song,Universal Music India,English/International,2020s,Popular,1017315,10097,215,3:35,2024-12-04T05:30:44Z,HCKeFdWaiIo,https://www.youtube.com/watch?v=HCKeFdWaiIo
700,Pretty Woman - Kal Ho Naa Ho | Shah Rukh Khan | Preity | Shankar Mahadevan | SEL | 4K Video,Sony Music India,Hindi,2020s,Very Popular,51799750,174626,331,5:31,2023-03-22T06:15:00Z,Gcne5Wt-Qfo,https://www.youtube.com/watch?v=Gcne5Wt-Qfo
701,"Main Joru Ka Ghulam Banke Rahunga | Joru Ka Ghulam 2000 Songs | Govinda, Twinkle Khanna | Abhijeet",Goldmines Gaane Sune Ansune,English/International,2010s,Very Popular,47815865,203017,308,5:08,2015-10-02T02:30:01Z,7SVzdnkAXV4,https://www.youtube.com/watch?v=7SVzdnkAXV4
702,"Dil Tote Tote Ho Gaya - Full Video Song | Bichhoo | Shweta Shetty, Hansraj Han | Bobby Deol",T-Series Bollywood Classics,Hindi,2020s,Top Hit,203563185,489623,318,5:18,2022-10-29T12:30:12Z,Waw0kSd8bik,https://www.youtube.com/watch?v=Waw0kSd8bik
703,"Humko Humise Chura Lo Song | Mohabbatein | Shah Rukh Khan, Aishwarya Rai | Lata Mangeshkar, Udit N",YRF,Hindi,2010s,Top Hit,471958116,1952386,428,7:08,2014-10-28T08:55:34Z,zWPsjhBaRb0,https://www.youtube.com/watch?v=zWPsjhBaRb0
704,Aksar Is Duniya Mein - Suniel Shetty & Mahima Choudhary | Dhadkan | #bollywood  #song,Ishtar Music,Hindi,2010s,Top Hit,254824546,1008000,399,6:39,2018-05-29T10:00:09Z,-u1YYyRmmsc,https://www.youtube.com/watch?v=-u1YYyRmmsc
705,"Kiska Chehra Ab Main Dekhu | Jagjit Singh, Alka Yagnik | Tarkieb 2000 | Tabu",Goldmines Gaane Sune Ansune,English/International,2010s,Very Popular,19138285,102384,377,6:17,2015-09-26T00:00:00Z,acfXO-alrpo,https://www.youtube.com/watch?v=acfXO-alrpo
706,"Mere Mehboob Mere Sanam - 4K HDR Video | Udit Narayan, Alka Yagnik | Shahrukh Khan, Juhi Chawla",MusicBird Studio,English/International,2020s,Very Popular,14891958,63728,327,5:27,2026-02-23T14:27:17Z,08rijnYeSIw,https://www.youtube.com/watch?v=08rijnYeSIw
707,"""Oh Oh Jane Jaana"" Salman Khan Full Song | Pyaar Kiya Toh Darna Kya",T-Series,Hindi,2010s,Top Hit,316219580,1857075,257,4:17,2012-01-17T12:03:46Z,x_elT6zkqN0,https://www.youtube.com/watch?v=x_elT6zkqN0
708,"Ready: Meri Ada Bhi  Full Song | Salman Khan, Asin | Rahat Fateh Ali Khan, Tulsi Kumar | Pritam",T-Series,Hindi,2010s,Very Popular,26985342,148589,234,3:54,2011-11-08T11:23:13Z,I-34sdBt4TI,https://www.youtube.com/watch?v=I-34sdBt4TI
709,Right Here Right Now | Lyrical | Bluff Master | Abhishek Bachchan | Priyanka Chopra |  HD Video,Saregama Music,Hindi,2010s,Very Popular,41208508,221874,206,3:26,2017-11-08T03:30:01Z,JX409_Bq7m0,https://www.youtube.com/watch?v=JX409_Bq7m0
710,"Aisa Kyun Hota Hai | Ishq Vishk | Alka Yagnik | Amrita Rao, Shahid Kapoor | Hindi Song | Anu Malik",Tips Official,Hindi,2000s,Very Popular,74277005,354002,254,4:14,2009-12-08T08:08:22Z,lCD0Qmm3MA0,https://www.youtube.com/watch?v=lCD0Qmm3MA0
711,Raat Ko Aaunga Main Tujhe Le Jaunga Main | Salman Khan | Karisma Kapoor | Kumar Sanu | Alka Yagnik,Geetmala,English/International,2020s,Very Popular,13294945,44634,265,4:25,2025-05-13T11:30:32Z,R4JmNZUeQIs,https://www.youtube.com/watch?v=R4JmNZUeQIs
712,"Mere Bina Full Video - Crook| Emraan Hashmi, Neha Sharma | Nikhil D'Souza | Pritam | Mukesh Bhatt",SonyMusicIndiaVEVO,English/International,2010s,Top Hit,214718499,1504295,290,4:50,2014-03-21T07:00:01Z,XvUSsh3gdO4,https://www.youtube.com/watch?v=XvUSsh3gdO4
713,"Deewana Hai Dekho - Lyrical Video | K3G | Kareena Kapoor, Hrithik Roshan | Alka Yagnik, Sonu Nigam",Sony Music India,Hindi,2020s,Very Popular,20761152,72395,350,5:50,2025-01-07T11:45:03Z,ZgqlTakrWUo,https://www.youtube.com/watch?v=ZgqlTakrWUo
714,"Hey Shona | Full Song | Ta Ra Rum Pum | Saif Ali Khan, Rani Mukerji | Shaan, Sunidhi, Vishal-Shekhar",YRF,Hindi,2010s,Top Hit,194898726,914973,311,5:11,2011-08-02T05:29:15Z,vxVsDSB5UWw,https://www.youtube.com/watch?v=vxVsDSB5UWw
715,"Humba Leela Humba Leelo | Abhijeet, Vinod Rathod, Hariharan | Hera Pheri 2000 Songs | Tabu",Goldmines Gaane Sune Ansune,English/International,2010s,Popular,2776398,30061,296,4:56,2015-12-23T02:30:00Z,9aBJmd4AQhM,https://www.youtube.com/watch?v=9aBJmd4AQhM
716,"O Jane Jigar (Official Music Video) Yeh Hai Jalwa |Salman Khan, Amisha Patel|Alka Yagnik,Kumar Sanu",FalguniPathakVEVO,English/International,2020s,Very Popular,19095125,73144,311,5:11,2025-10-02T09:13:05Z,Eb6SKOx7XLY,https://www.youtube.com/watch?v=Eb6SKOx7XLY
717,"Pyar Dilon Ka Mela Hai - Alka Yagnik, Sonu Nigam | Salman Khan, Karisma Kapoor",90s Hits Hindi Songs,Hindi,2020s,Medium,279269,678,293,4:53,2025-06-16T09:30:16Z,WhGEJdvz8vA,https://www.youtube.com/watch?v=WhGEJdvz8vA
718,Kumar Sanu - Tera Mera Pyar (Lyrical Video) | Prem & Hardeep | 2000s Hit Love Song,Sony Music India,Hindi,2020s,Popular,8764316,56468,373,6:13,2025-03-24T05:35:34Z,k7fPoKUXaWM,https://www.youtube.com/watch?v=k7fPoKUXaWM
719,"Piya Piya O Piya - Video Song | Anu Malik | Har Dil Jo Pyar Karega | Salman Khan, Rani M, Priety Z",T-Series Bollywood Classics,Hindi,2020s,Popular,9090906,40045,289,4:49,2026-04-30T05:30:03Z,A09G-wuGzN0,https://www.youtube.com/watch?v=A09G-wuGzN0
720,"Lyrical:Tum Jo Aaye |Once Upon A Time In Mumbai| Ajay Devgn,Rahat Fateh Ali Khan,Tulsi Kumar, Pritam",T-Series,Hindi,2010s,Top Hit,670737935,2746056,305,5:05,2018-10-27T11:00:07Z,kTXilT_KbUM,https://www.youtube.com/watch?v=kTXilT_KbUM
721,"Tere Liye - Lyrical - Prince | Vivek Oberoi | Atif Aslam, Shreya Ghoshal | Sachin Gupta |Dance Songs",Tips Official,Hindi,2010s,Top Hit,413137706,2415981,301,5:01,2019-04-09T11:26:56Z,AlvUuGJccKs,https://www.youtube.com/watch?v=AlvUuGJccKs
722,"""Allah Maaf Kare Full Song Desi Boyz"" Feat. Akshay Kumar, Chitrangada Singh",T-Series,Hindi,2010s,Top Hit,212558511,1021778,201,3:21,2012-01-12T13:15:54Z,sm2hNJ9c8M8,https://www.youtube.com/watch?v=sm2hNJ9c8M8
723,"Bin Tere - Lyrical Song | I Hate Luv Storys | Sonam Kapoor, Imran Khan | Vishal & Shekhar",Sony Music India,Hindi,2020s,Very Popular,76760002,256232,332,5:32,2024-12-20T11:00:58Z,pGuc4hPhiKw,https://www.youtube.com/watch?v=pGuc4hPhiKw
724,Pehli Dafa,Atif Aslam - Topic,English/International,2010s,Very Popular,45443310,280413,299,4:59,2018-08-16T22:52:09Z,gOSM2dEqwsE,https://www.youtube.com/watch?v=gOSM2dEqwsE
725,"Tera Hone Laga Hoon Lyrical - Ajab Prem Ki Ghazab Kahani | Atif Aslam | Ranbir, Katrina K | Pritam",Tips Official,Hindi,2010s,Top Hit,572974110,3255258,299,4:59,2012-11-12T04:58:46Z,rTuxUAuJRyY,https://www.youtube.com/watch?v=rTuxUAuJRyY
726,"Laung Da Lashkara (Official full song) ""Patiala House"" | Feat. Akshay Kumar",T-Series,Hindi,2010s,Top Hit,157075657,985047,274,4:34,2011-09-19T10:50:48Z,MS55Ke6AQTc,https://www.youtube.com/watch?v=MS55Ke6AQTc
727,2010 to 2020 Bollywood Nostalgic Songs | Hit Bollywood Hindi Songs 2010 - 2020,ADV Creations,Hindi,2020s,Medium,109944,1717,630,10:30,2025-07-10T13:30:06Z,OGTUBkHkCUk,https://www.youtube.com/watch?v=OGTUBkHkCUk
728,"""Aapka Kya Hoga Janabe Ali"" (Dhanno) Housefull Full Song | Akshay Kumar | Mika | Shankar-Ehsaan-Loy",T-Series,Hindi,2010s,Top Hit,316859555,1130163,301,5:01,2011-04-20T14:19:03Z,gcVbtUGLDNk,https://www.youtube.com/watch?v=gcVbtUGLDNk
729,SAJDE,Kay Kay - Topic,English/International,2010s,Very Popular,61641262,418954,306,5:06,2017-07-27T15:54:35Z,zfABYXP_NSA,https://www.youtube.com/watch?v=zfABYXP_NSA
730,"Tinku Jiya Lyrical Video | Yamla Pagla Deewana | Dharmendra, Bobby Deol",T-Series,Hindi,2010s,Top Hit,158009878,865571,187,3:07,2018-10-09T10:53:56Z,k0FNdxN0pV8,https://www.youtube.com/watch?v=k0FNdxN0pV8
731,"O Mere Khuda - Prince | Superhit Hindi Songs | Vivek Oberoi | Atif Aslam, Garima J | Sachin Gupta",Tips Official,Hindi,2010s,Very Popular,44087915,313994,199,3:19,2016-07-01T10:36:24Z,MnR5YqU-0GI,https://www.youtube.com/watch?v=MnR5YqU-0GI
732,"Tere Liye - Lyrical | Vivek Oberoi | Atif Aslam, Shreya Ghoshal | Hit Hindi Song",Bollywood Hits,Hindi,2020s,Very Popular,10941992,60912,275,4:35,2025-01-13T02:30:31Z,gO8qvYIulKc,https://www.youtube.com/watch?v=gO8qvYIulKc
733,"Ainvayi Ainvayi Song | Band Baaja Baaraat | Ranveer Singh, Anushka Sharma |  Sunidhi Chauhan, Salim",YRF,Hindi,2010s,Top Hit,111819239,544653,283,4:43,2011-06-11T05:43:52Z,pElk1ShPrcE,https://www.youtube.com/watch?v=pElk1ShPrcE
734,"Hairat Lyrical | Anjaana Anjaani | Ranbir Kapoor, Priyanka Chopra | Lucky Ali |Vishal - Shekhar",T-Series,Hindi,2020s,Very Popular,15280315,82786,269,4:29,2020-06-10T14:01:55Z,aHEbLVElUwY,https://www.youtube.com/watch?v=aHEbLVElUwY
735,"Abhi Kuch Dino Se Lyrical Video | Dil Toh Baccha Hai Ji |  Emraan hashmi, Ajay Devgn",T-Series,Hindi,2010s,Very Popular,39339324,229045,305,5:05,2018-09-25T11:30:00Z,1pc60L6mBt0,https://www.youtube.com/watch?v=1pc60L6mBt0
736,"Munni Badnam Hui Full Song Dabangg | Lyrical Video | Salman Khan, Malaika Arora Khan",T-Series,Hindi,2010s,Very Popular,53477500,205574,304,5:04,2013-05-06T08:30:07Z,83XfpQQ5qVA,https://www.youtube.com/watch?v=83XfpQQ5qVA
737,Aye Khuda [Full Song] Paathshaala,T-Series,Hindi,2010s,Very Popular,74220057,576771,230,3:50,2011-04-21T11:08:27Z,T-g39o0rDos,https://www.youtube.com/watch?v=T-g39o0rDos
738,TU HAI KI NAHI,Ankit Tiwari - Topic,English/International,2010s,Very Popular,44750169,314950,334,5:34,2015-08-07T22:58:45Z,SeSbwS34PgY,https://www.youtube.com/watch?v=SeSbwS34PgY
739,"Kites  ""Dil Kyun Yeh Mera Shor Kare"" Full Song (HD) | Hrithik Roshan, Bárbara Mori",T-Series,Hindi,2010s,Top Hit,95569191,783035,333,5:33,2011-04-20T14:35:13Z,maKDIvUVkQo,https://www.youtube.com/watch?v=maKDIvUVkQo
740,"""Zindagi Do Pal Ki"" Full Song Kites | Hrithik Roshan, Bárbara Mori",T-Series,Hindi,2010s,Very Popular,75798743,440629,241,4:01,2012-09-12T16:30:10Z,r-XG86T2jNc,https://www.youtube.com/watch?v=r-XG86T2jNc
741,"Bahara Full Video - I Hate Luv Storys | Sonam Kapoor, Imran | Shreya Ghoshal, Sona Mohapatra",SonyMusicIndiaVEVO,English/International,2010s,Very Popular,85031446,577962,249,4:09,2013-11-14T07:00:00Z,7N74i_rAfFE,https://www.youtube.com/watch?v=7N74i_rAfFE
742,"Saudebaazi – Aakrosh | Full Lyrics Video | Ajay Devgn, Bipasha Basu | Romantic Hindi Song",Beat Haven,Hindi,2020s,Popular,2738303,10541,352,5:52,2025-07-16T08:30:06Z,9zg2tScG48E,https://www.youtube.com/watch?v=9zg2tScG48E
743,"Chori Kiya Re Jiya Full Song Dabangg | Lyrical Video | Salman Khan, Sonakshi Sinha",T-Series,Hindi,2010s,Top Hit,138512871,605507,288,4:48,2013-05-03T09:36:38Z,adLTAl_Tjjw,https://www.youtube.com/watch?v=adLTAl_Tjjw
744,Tu Hi Toh Hai | Akshay Kumar & Sonakshi Sinha | Holiday | Pritam | Benny Dayal,Zee Music Company,Hindi,2010s,Very Popular,56540230,418063,289,4:49,2014-11-04T13:00:16Z,1JLWzJxG2Ac,https://www.youtube.com/watch?v=1JLWzJxG2Ac
745,"I Feel Good | Anjaana Anjaani Song | Priyanka Chopra, Ranbir Kapoor",T-Series,Hindi,2010s,Very Popular,16618255,85568,200,3:20,2011-03-28T05:34:33Z,J4_XiSN3AM8,https://www.youtube.com/watch?v=J4_XiSN3AM8
746,"Ambarsariya (Lyrical) Fukrey | Sona Mohapatra | Pulkit Samrat, Priya Anand | Ram Sampath",T-Series,Hindi,2020s,Very Popular,85297611,413047,268,4:28,2022-02-06T11:30:08Z,oMesPehN_Do,https://www.youtube.com/watch?v=oMesPehN_Do
747,"'Tumse Hi Tumse' (Full Song) | Anjaana Anjaani | Feat. Ranbir Kapoor, Priyanka Chopra",T-Series,Hindi,2010s,Very Popular,24121986,189353,268,4:28,2011-03-18T11:25:57Z,KWCLOpaZeLc,https://www.youtube.com/watch?v=KWCLOpaZeLc
748,"'Tu Chale' FULL VIDEO Song | '|' | Shankar, Chiyaan Vikram | Arijit Singh | A.R Rahman",T-Series,Hindi,2010s,Top Hit,131378216,1114945,292,4:52,2015-02-28T11:59:08Z,iMuZRXsE7KI,https://www.youtube.com/watch?v=iMuZRXsE7KI
749,"Sajid Wajid, Rahat Fateh Ali Khan, Suzanne D'Mello - Surili Akhiyon Wale (Lyric Video)",SonyMusicIndiaVEVO,English/International,2020s,Very Popular,42498295,166132,336,5:36,2025-11-06T08:00:18Z,HqjPEwhiWcE,https://www.youtube.com/watch?v=HqjPEwhiWcE
750,"Kinna Sona FULL VIDEO Song - Bhaag Johnny | Kunal Khemu, Zoa Morani | Sunil Kamath",T-Series,Hindi,2010s,Top Hit,196779794,730523,153,2:33,2015-09-04T09:29:16Z,Xd29mNwjUQQ,https://www.youtube.com/watch?v=Xd29mNwjUQQ
751,Aadha Ishq | Full Song | Band Baaja Baaraat | Ranveer Singh | Anushka Sharma | Shreya Ghoshal,YRF,Hindi,2010s,Popular,4772090,33894,239,3:59,2012-01-20T11:16:54Z,Gc0Ukkq1fS4,https://www.youtube.com/watch?v=Gc0Ukkq1fS4
752,Chaska - Full Song | Badmaash Company | Shahid Kapoor | Anushka Sharma | Krishna | Pritam,YRF,Hindi,2010s,Very Popular,51437157,253070,246,4:06,2011-06-17T09:22:39Z,2jyj1XQv5mQ,https://www.youtube.com/watch?v=2jyj1XQv5mQ
753,"Lucky Boy Song | Bachna Ae Haseeno | Bipasha Basu | Sunidhi Chauhan, Hard Kaur, Raja, Vishal-Shekhar",YRF,Hindi,2010s,Very Popular,58689048,249421,231,3:51,2011-07-06T09:36:23Z,0AqZzax9_Og,https://www.youtube.com/watch?v=0AqZzax9_Og
754,"Bheegi Si Bhaagi Si - Full Video | Ranbir, Katrina | Mohit Chauhan, Antara M | Pritam | Raajneeti",Sony Music India,Hindi,2010s,Top Hit,174058962,967183,258,4:18,2014-04-02T07:00:01Z,yHWPO9DDnsk,https://www.youtube.com/watch?v=yHWPO9DDnsk
755,A.R. Rahman - Hosanna Best Video|Ekk Deewana Tha|Amy Jackson|Prateik Babar|Leon|Suzanne,SonyMusicIndiaVEVO,English/International,2010s,Top Hit,138901561,1223956,315,5:15,2013-09-26T07:00:01Z,dfNdRsNSFx4,https://www.youtube.com/watch?v=dfNdRsNSFx4
756,"""Tere Mast Mast Do Nain"" ( With Lyrics) Full Song Dabangg | Salman Khan",T-Series,Hindi,2010s,Top Hit,136248890,742081,202,3:22,2011-04-20T13:30:07Z,oyLVu753XJw,https://www.youtube.com/watch?v=oyLVu753XJw
757,"""Jhak Maar Ke Full Song Desi Boyz"" | Deepika Padukone | John Abraham",T-Series,Hindi,2010s,Top Hit,192655351,877636,256,4:16,2012-01-04T12:06:57Z,R5CxtjmrIE4,https://www.youtube.com/watch?v=R5CxtjmrIE4
758,Yahi Hota Pyaar - Full Video Song | Namastey London | Akshay Kumar & Katrina Kaif,Sony Music India,Hindi,2010s,Very Popular,58902234,300960,287,4:47,2010-07-13T07:05:35Z,ZYrykKFSAiU,https://www.youtube.com/watch?v=ZYrykKFSAiU
759,She Don't Know: Millind Gaba Song | Shabby | Haan Din Vichon Tere Layi Time | Latest Hindi Song,T-Series,Hindi,2010s,Top Hit,701946761,4722072,209,3:29,2019-01-09T05:07:43Z,_P3R63mmakg,https://www.youtube.com/watch?v=_P3R63mmakg
760,"Meri Zindagi Hai Tu Song | Jubin Nautiyal | John A, Divya K | Rochak ft Jubin | New Songs 2023",Zara Music,English/International,2020s,Very Popular,14919091,52033,341,5:41,2025-04-28T15:25:31Z,nfD6RTFX1KE,https://www.youtube.com/watch?v=nfD6RTFX1KE
761,Leja Re | Dhvani Bhanushali | Tanishk Bagchi | Rashmi Virag |Radhika Rao| Vinay Sapru | Siddharth,T-Series,Hindi,2010s,Top Hit,1082017134,6328043,260,4:20,2018-11-24T07:43:34Z,NNqLB7znMLU,https://www.youtube.com/watch?v=NNqLB7znMLU
762,"Full Video: Malang (Title Track)| Aditya Roy Kapur, Disha Patani, Anil K, Kunal K | Ved S | Mohit S",T-Series,Hindi,2020s,Top Hit,346896410,1766768,287,4:47,2020-02-15T13:30:01Z,KBIq11mNB0I,https://www.youtube.com/watch?v=KBIq11mNB0I
763,Meri Aashiqui Song | Rochak Kohli Feat. Jubin Nautiyal | Ihana D | Shree Anwar Sagar | Bhushan Kumar,T-Series,Hindi,2020s,Top Hit,515624621,4447955,308,5:08,2020-06-03T05:30:22Z,SVjkxdjivts,https://www.youtube.com/watch?v=SVjkxdjivts
764,Mehrama - Love Aaj Kal | Kartik | Sara | Pritam | Darshan Raval | Antara,Sony Music India,Hindi,2020s,Top Hit,281020361,2193338,195,3:15,2020-02-07T08:29:41Z,HYUpNJJELeE,https://www.youtube.com/watch?v=HYUpNJJELeE
765,"Kasturi Lyrics - Arijit Singh, Prasad S, Kunaal Vermaa | New Trending Hindi Song",Vibe Bird,Hindi,2020s,Medium,877670,8048,233,3:53,2024-11-29T12:14:20Z,oQGLJCAKMlU,https://www.youtube.com/watch?v=oQGLJCAKMlU
766,"Chhalaang: Care Ni Karda | Rajkummar R, Nushrratt B | Yo Yo Honey Singh, Alfaaz, Hommie Dilliwala",T-Series,Hindi,2020s,Top Hit,328240184,2716168,186,3:06,2020-10-22T07:30:30Z,WGdoaRVOm8o,https://www.youtube.com/watch?v=WGdoaRVOm8o
767,Lata Mangeshkar: Jane Kyun Log Mohabbat Kiya Karte Hain जाने क्यूँ लोग मोहब्बत | Old Hindi Songs 70s,Dard Bhare Songs,Hindi,2020s,Very Popular,16931781,67774,514,8:34,2026-07-07T13:17:13Z,gUg0gmEcCqc,https://www.youtube.com/watch?v=gUg0gmEcCqc
768,Panna Ki Tamanna Hai,Kishore Kumar - Topic,English/International,2010s,Popular,8419555,93026,348,5:48,2019-02-26T19:48:59Z,g6RT1Sy8Tso,https://www.youtube.com/watch?v=g6RT1Sy8Tso
769,Aao Huzoor Tumko - Old Hindi Romantic Song  60s-70s Nostalgia Love Vibe - LoFeel Recoreds,LoFeel Records,Hindi,2020s,Popular,1781764,13400,448,7:28,2026-05-11T01:30:33Z,PjXK0k3EQzg,https://www.youtube.com/watch?v=PjXK0k3EQzg
770,Lag Ja Gale ❤️  | Lata Mangeshkar Classic | Old is Gold | Emotional Bollywood Song 70s Vibes,Glow Music Hindi,Hindi,2020s,Popular,1821572,10493,582,9:42,2026-05-05T10:12:59Z,_KKnolU_nB0,https://www.youtube.com/watch?v=_KKnolU_nB0
771,Tera Mera Pyaar Amar | 60s–70s Retro Romantic Song | Old Bollywood Vibes,Old Love Melodies,Hindi,2020s,Popular,1582493,8937,555,9:15,2026-05-04T12:34:00Z,OK0v-AynY-I,https://www.youtube.com/watch?v=OK0v-AynY-I
772,"Baharon Phool Barsao - Suraj - Rajendra Kumar, Vyjayanthimala - Old Hindi Songs",Rajshri,Hindi,2000s,Top Hit,104965653,322154,255,4:15,2008-03-11T10:25:43Z,McP9D114BfU,https://www.youtube.com/watch?v=McP9D114BfU
773,"RISHI KAPOOR: Remembering Hit - Karz | 80's Hindi Movie Song | Kishore, Asha | Sad Song",Hot Hits Hindi,Hindi,2020s,Popular,3918007,20436,477,7:57,2024-09-04T04:30:14Z,_WU1b-YolqA,https://www.youtube.com/watch?v=_WU1b-YolqA
774,"Tu Tu Hai Wahi | Yeh Vaada Raha (1982) | Asha Bhosle | Rishi Kapoor, Poonam | 80s Romantic Songs",70s & 80s FilmiGaane,English/International,2020s,Popular,7246101,35610,394,6:34,2025-09-13T06:30:10Z,KBLWBAIZCrs,https://www.youtube.com/watch?v=KBLWBAIZCrs
775,"80 Lakh | Kala Dighal, Sweta Chauhan | Shiva Choudhary, D Naveen | New Haryanvi Songs Haryanavi 2026",Dhun Haryana,English/International,2020s,Very Popular,50149703,231720,140,2:20,2026-03-24T05:30:34Z,uOrhBw3N3NM,https://www.youtube.com/watch?v=uOrhBw3N3NM
776,Dard-E-Dil Dard-E-Jigar 💔 | Mohammed Rafi | Karz | Classic Hindi Song | 80s Bollywood Romantic Hit,BollyGood Songs,Hindi,2020s,Popular,4161072,18131,418,6:58,2025-07-01T11:00:39Z,JINXK7uEtXc,https://www.youtube.com/watch?v=JINXK7uEtXc
777,Kishore Kumar: Meri Bheegi Bheegi Si | Evergreen Hindi Song | Golden Hit | Dard Geet | Anamika,Dard Bhare Songs,Hindi,2020s,Very Popular,33609443,105784,397,6:37,2024-03-16T11:43:59Z,yHypwnOx8ts,https://www.youtube.com/watch?v=yHypwnOx8ts
778,"Tu Mera Jaanu Hai | Hero | Anuradha Paudwal, Manhar | Jackie, Meenakshi | 80's Hindi Hit Songs",Tips Official,Hindi,2020s,Top Hit,164809667,534916,452,7:32,2022-03-12T07:30:03Z,YuYRQGZqGxE,https://www.youtube.com/watch?v=YuYRQGZqGxE
779,Mere Rang Mein Rangne Wali,S. P. Balasubrahmanyam - Topic,English/International,2010s,Very Popular,24795454,168954,415,6:55,2019-02-26T20:07:25Z,xxG3XA4fCww,https://www.youtube.com/watch?v=xxG3XA4fCww
780,Yeh Vaada Raha (Lyrical Video) | R. D. Burman | Kishore Kumar | Asha Bhosle | Rishi Kapoor,Universal Music India,English/International,2020s,Very Popular,44709613,99822,361,6:01,2025-08-19T11:30:18Z,-yCALEGbzhU,https://www.youtube.com/watch?v=-yCALEGbzhU
781,Waada Raha Sanam -4K | Akshay K & Ayesha J | Alka Y & Abhijeet | Khiladi | 90's Hindi Romantic Songs,Ishtar Music,Hindi,2020s,Top Hit,147448177,474000,365,6:05,2020-12-04T05:30:02Z,9b0iydtDZLU,https://www.youtube.com/watch?v=9b0iydtDZLU
782,Chunnari Chunnari | Biwi No.1 | Salman Khan | Sushmita Sen | Abhijeet Bhattacharya | Anuradha Sriram,90's Gaane,English/International,2020s,Top Hit,754799257,2564568,301,5:01,2021-07-05T08:30:00Z,6z1U-kJ3xJE,https://www.youtube.com/watch?v=6z1U-kJ3xJE
783,Kitni Hasrat Hai Hame Tumse Dil Lagane Ki | Akshay Kumar| Ashwini Bhave| Kumar Sanu | Sadhana Sargam,Bollywood Playback,Hindi,2020s,Popular,7925621,27813,361,6:01,2025-08-23T12:00:22Z,7UmNjyYl3JQ,https://www.youtube.com/watch?v=7UmNjyYl3JQ
784,Main Koi Aisa Geet Gaoon - HD VIDEO | Shah Rukh Khan & Juhi Chawla | Yes Boss | 90's Romantic Songs,Ishtar Music,English/International,2010s,Top Hit,168596626,996076,333,5:33,2018-12-30T05:30:02Z,vzlXfZlH5dk,https://www.youtube.com/watch?v=vzlXfZlH5dk
785,DEKHA HAI PEHLI BAAR Video Song | Saajan | Alka Yagnik & SP Balasubramanian | 90's Romantic Song,Gaane Naye Purane,English/International,2020s,Very Popular,20969212,81216,326,5:26,2024-11-01T14:30:17Z,cGVJ0Smkyto,https://www.youtube.com/watch?v=cGVJ0Smkyto
786,Chhupana Bhi Nahi Aata - 4K VIDEO | Baazigar | Shahrukh & Kajol | Vinod Rathod | 90's Romantic Song,Ishtar Music,English/International,2020s,Very Popular,80813001,188104,340,5:40,2020-10-16T05:30:02Z,OsBqRHx2JAA,https://www.youtube.com/watch?v=OsBqRHx2JAA
787,किताबें बहुत सी | | Baazigar | Shah Rukh Khan & Kajol | Asha Bhosle | Vinod Rathod   Romantic Songs,Ishtar Music,English/International,2020s,Very Popular,96779523,236965,376,6:16,2021-01-29T06:41:50Z,ieu6xnwJxdA,https://www.youtube.com/watch?v=ieu6xnwJxdA
788,Main Yahaan Hoon,Udit Narayan - Topic,English/International,2010s,Very Popular,86480439,577550,295,4:55,2019-10-30T01:58:16Z,yqtGt2IjyKg,https://www.youtube.com/watch?v=yqtGt2IjyKg
789,Jo Bhi Kasmein,Alka Yagnik - Topic,English/International,2010s,Very Popular,38697846,260054,340,5:40,2014-11-06T03:26:01Z,YhEdDnxHZt4,https://www.youtube.com/watch?v=YhEdDnxHZt4
790,Aaye Ho Meri Zindagi Mein | Udit Narayan | Aamir | Karisma | Evergreen Love Song,90's Gaane,English/International,2020s,Top Hit,418709733,1627794,357,5:57,2021-11-25T10:07:42Z,ixCnsZswdpU,https://www.youtube.com/watch?v=ixCnsZswdpU
791,"Jhanjhariya - Male | Krishna | Karisma, Sunil Shetty | Abhijeet Bhattacharya | Anu Malik | 90's Hits",Tips Official,Hindi,2020s,Top Hit,198570696,673597,268,4:28,2022-05-16T04:30:01Z,6C34aCdjJtM,https://www.youtube.com/watch?v=6C34aCdjJtM
792,"Chalte Chalte | Full Song | Mohabbatein | Shah Rukh Khan, Uday Chopra, Jugal Hansraj, Jimmy Shergill",YRF,Hindi,2010s,Top Hit,465988982,1221110,437,7:17,2014-11-20T12:03:44Z,kzTWRX9Dhrg,https://www.youtube.com/watch?v=kzTWRX9Dhrg
793,"Ek Dilruba Hai | Bewafaa | Akshay Kumar, Kareena Kapoor | Udit Narayan |Mera Dil Jis Dil Pe Fida Hai",Tips Official,Hindi,2010s,Top Hit,387334973,1851827,390,6:30,2010-04-29T09:19:41Z,-UgrS_B53Yc,https://www.youtube.com/watch?v=-UgrS_B53Yc
794,Dekho Nashe Mein | Shaan | Sunidhi Chauhan | K.K | Race (2008),Bollywood Melodies,Hindi,2020s,Very Popular,23941096,102713,214,3:34,2022-06-28T09:34:59Z,ltrUySo9QmE,https://www.youtube.com/watch?v=ltrUySo9QmE
795,Main Agar Saamne ❤️ | Raaz | Dino Morea & Malini Sharma | 2000s Evergreen Romantic Song,Nostalgic Radio Music,English/International,2020s,Popular,2352959,4018,317,5:17,2026-07-02T13:30:36Z,WRMk0KumtfI,https://www.youtube.com/watch?v=WRMk0KumtfI
796,Jab Bhi Koi Haseena Dekhu | K. K. | Hera Pheri 2000 Songs | Akshay Kumar,Goldmines Gaane Sune Ansune,English/International,2010s,Very Popular,17098868,158811,393,6:33,2015-10-24T02:30:00Z,kzdqSXwJXks,https://www.youtube.com/watch?v=kzdqSXwJXks
797,"Aaja Mahiya |  Fiza | Hrithik Roshan, Neha | Alka Yagnik, Udit Narayan | Hindi Hits",Romantic Hindi Songs,Hindi,2020s,Popular,8042112,33906,395,6:35,2024-03-03T04:30:04Z,AYxFA-bVkr8,https://www.youtube.com/watch?v=AYxFA-bVkr8
798,"Pehli Nazar Mein Kaise Jaado Kar Diya | Atif Aslam Hits | Race I Akshaye, Bipasha & Saif Ali",Bollywood Jalwa,Hindi,2020s,Very Popular,51163630,218808,198,3:18,2023-01-17T02:30:22Z,qdLYbA9Mu_M,https://www.youtube.com/watch?v=qdLYbA9Mu_M
799,"Lyrical: Wo Ladki Hai Kahan | Dil Chahta Hai | Shaan,Kavita Krishnamurthy | Saif Ali Khan,Sonali K",T-Series Bollywood Classics,Hindi,2010s,Very Popular,27711125,142817,305,5:05,2017-12-27T09:27:45Z,LFTV1zLv9B4,https://www.youtube.com/watch?v=LFTV1zLv9B4
800,"Dil Ka Jo Haal Hai (Lyrical) | Besharam | Ranbir Kapoor | Abhijeet Bhattacharya, Shreya Ghoshal",T-Series,Hindi,2020s,Top Hit,204093773,1474891,322,5:22,2022-01-23T13:30:09Z,udgrClXV26Y,https://www.youtube.com/watch?v=udgrClXV26Y
801,Jo Bhi Kasmein Khai Thi Humne - Raaz | Bipasha Basu & Dino Morea | Alka Yagnik & Udit Narayan,90's Gaane,English/International,2020s,Top Hit,284514312,1134798,336,5:36,2022-12-22T04:30:02Z,B72_HsUR0Vc,https://www.youtube.com/watch?v=B72_HsUR0Vc
802,Mere Khayalon Ki Malika- HD VIDEO | Aishwarya Rai & Chandrachur Singh | Josh | 90's Romantic Song,Ishtar Music,English/International,2010s,Very Popular,38724318,222498,285,4:45,2018-11-23T09:00:02Z,LtlZv_hd9fg,https://www.youtube.com/watch?v=LtlZv_hd9fg
803,Main Tera Dhadkan Teri | K.K. | Sunidhi Chauhan | Hard Kaur | Ajab Prem Ki Ghazab Kahani | 2009,Bollywood Dhamaka,Hindi,2020s,Very Popular,17408866,110431,227,3:47,2022-03-07T08:30:03Z,AgSiokzAqgk,https://www.youtube.com/watch?v=AgSiokzAqgk
804,"Kya Mujhe Pyar Lyrical Video Song | Woh Lamhe | Pritam | K.K. | Shiny Ahuja, Kangna Ranaut",T-Series Bollywood Classics,Hindi,2020s,Top Hit,191677960,1048325,264,4:24,2020-02-14T05:30:00Z,Gg6NMU4ivXM,https://www.youtube.com/watch?v=Gg6NMU4ivXM
805,"Lyrical Video: Dildara Song | Ra.One | ShahRukh Khan, Kareena Kapoor",T-Series,Hindi,2010s,Top Hit,121248217,995245,270,4:30,2018-10-30T06:24:38Z,gQ5qVtoLMk4,https://www.youtube.com/watch?v=gQ5qVtoLMk4
806,Ek Nazar Mein Bhi,Kay Kay - Topic,English/International,2010s,Very Popular,11608119,68441,278,4:38,2015-12-08T19:15:39Z,8p5p2uTtDho,https://www.youtube.com/watch?v=8p5p2uTtDho
807,"Aaja Mahiya | Fiza | Hrithik Roshan | Udit Narayan, Alka Yagnik | Anu Malik | Hindi Love Song",Tips Official,Hindi,2010s,Top Hit,99729809,475679,397,6:37,2011-10-12T16:29:11Z,I-m4cX22UlQ,https://www.youtube.com/watch?v=I-m4cX22UlQ
808,"You'Re My Love - Video Song | Partner | Salman Khan, Lara Dutta, Govinda, Katreena Kaif",T-Series Bollywood Classics,Hindi,2020s,Very Popular,12449924,69555,276,4:36,2025-12-01T06:30:11Z,JglhH_v4o_8,https://www.youtube.com/watch?v=JglhH_v4o_8
809,"""Sheila Ki Jawani"" Full Song | Tees Maar Khan | Katrina Kaif | Vishal Dadlani, Sunidhi Chauhan",T-Series,Hindi,2010s,Top Hit,454425578,1909297,271,4:31,2011-03-07T06:24:22Z,ZTmF2v59CtI,https://www.youtube.com/watch?v=ZTmF2v59CtI
810,CHORI KIYA RE JIYA,Shreya Ghoshal - Topic,English/International,2010s,Very Popular,23286499,163008,287,4:47,2015-01-19T05:50:20Z,5ZMH_SQEy9c,https://www.youtube.com/watch?v=5ZMH_SQEy9c
811,"Dum Dum | Full Song | Band Baaja Baaraat | Ranveer Singh, Anushka Sharma, Benny Dayal, Himani Kapoor",YRF,Hindi,2010s,Top Hit,168215687,636583,308,5:08,2011-06-11T05:50:01Z,w3MMMgxjLFk,https://www.youtube.com/watch?v=w3MMMgxjLFk
812,Ayaashi - Full Song | Badmaash Company | Shahid Kapoor | Anushka Sharma | KK,YRF,Hindi,2010s,Very Popular,10722253,56772,189,3:09,2011-06-17T08:46:58Z,txRqnFTlc9M,https://www.youtube.com/watch?v=txRqnFTlc9M
813,Oh Girl You're Mine  .,Tarun Sagar - Topic,English/International,2010s,Very Popular,24679461,142303,236,3:56,2015-06-23T15:33:57Z,ZRjjLU-FidU,https://www.youtube.com/watch?v=ZRjjLU-FidU
814,"O Jaana - Lyrical Video | KK | Kangana Ranaut, Adhyayan Suman, Emraan Hashmi | Raju Singh",Sony Music India,Hindi,2020s,Very Popular,12832895,55875,273,4:33,2025-02-21T05:00:33Z,S6Gdnxtw9rM,https://www.youtube.com/watch?v=S6Gdnxtw9rM
815,Bakhuda Tumhi Ho | Atif Aslam | Alka Yagnik | Kismat Konnection | 2009,Golden Hits,English/International,2020s,Very Popular,19029928,113190,283,4:43,2022-03-17T08:30:00Z,1-Z6bd7SRBA,https://www.youtube.com/watch?v=1-Z6bd7SRBA
816,"''Anjaana Anjaani"" Tiitle Song | Feat. Ranbir kapoor, Priyanka Chopra",T-Series,Hindi,2010s,Very Popular,10348503,55233,215,3:35,2011-03-18T10:38:28Z,91F3hdi2Phc,https://www.youtube.com/watch?v=91F3hdi2Phc
817,@ARRahman - Hosanna Best Video | Ekk Deewana Tha | Amy Jackson | Prateik Babbar | Leon | Suzanne,Sony Music India,Hindi,2020s,Very Popular,68755055,396548,317,5:17,2022-05-12T12:20:12Z,hoHo8h2JOgY,https://www.youtube.com/watch?v=hoHo8h2JOgY
818,"Ab To Forever | Full Song | Ta Ra Rum Pum | Saif Ali Khan, Rani Mukerji | KK, Shreya Ghoshal, Vishal",YRF,Hindi,2010s,Top Hit,108305679,492828,310,5:10,2011-08-02T04:55:03Z,xM_GfQvb36U,https://www.youtube.com/watch?v=xM_GfQvb36U
819,"Bheegi Si Bhaagi Si Full Video - Raajneeti | Ranbir, Katrina | Mohit Chauhan, Antara M | Pritam |4K",Sony Music India,Hindi,2020s,Very Popular,21460161,75146,259,4:19,2023-04-10T06:00:09Z,F_zyxN3XA-Y,https://www.youtube.com/watch?v=F_zyxN3XA-Y
820,Chahun Main Ya Naa,Palak Muchhal - Topic,English/International,2010s,Very Popular,49335945,394092,305,5:05,2017-07-24T16:58:30Z,NPC-9hYbkLE,https://www.youtube.com/watch?v=NPC-9hYbkLE
821,"Jaan Ban Gaye - Khuda Haafiz |Vidyut Jammwal , Shivaleeka O | Mithoon Ft. Vishal Mishra, Asees Kaur",Zee Music Company,Hindi,2020s,Top Hit,270409194,2490175,224,3:44,2020-07-29T06:30:19Z,a6cJAFFQn_I,https://www.youtube.com/watch?v=a6cJAFFQn_I
822,"Teri Aankhon Mein Song: Divya K | Darshan R, Neha K | Pearl V Manan B | Radhika, Vinay | Bhushan K",T-Series,Hindi,2020s,Top Hit,628318516,5469419,396,6:36,2020-10-07T05:31:40Z,mClF6mJV5xM,https://www.youtube.com/watch?v=mClF6mJV5xM
823,"Haan Main Galat - Love Aaj Kal | Kartik, Sara | Pritam | Arijit Singh | Shashwat",Sony Music India,Hindi,2020s,Top Hit,175838686,1304702,183,3:03,2020-01-29T06:59:19Z,yRB0xbKDebo,https://www.youtube.com/watch?v=yRB0xbKDebo
824,"Tum Hi Aana (From ""Marjaavaan"")",Payal Dev - Topic,English/International,2010s,Top Hit,154206000,1063941,250,4:10,2019-10-03T05:30:01Z,tLaJFnc93Oc,https://www.youtube.com/watch?v=tLaJFnc93Oc
825,Hook Up Song -  Student Of The Year 2 | Tiger Shroff & Alia Bhatt | Vishal & Shekhar | Neha Kakkar,Zee Music Company,Hindi,2010s,Top Hit,574873159,3033891,202,3:22,2019-04-30T10:29:08Z,zuaLWHiRXkg,https://www.youtube.com/watch?v=zuaLWHiRXkg
826,Dil Ko Karaar Aaya - Sidharth Shukla & Neha Sharma | Neha Kakkar & YasserDesai | Rajat Nagpal | Rana,Desi Music Factory,English/International,2020s,Top Hit,366233762,4728128,251,4:11,2020-07-31T05:30:17Z,lX3vT_Gm_HE,https://www.youtube.com/watch?v=lX3vT_Gm_HE
827,"LUDO: Aabaad Barbaad (Full Video) Abhishek B, Aditya K, Rajkummar R, Sanya, Fatima | Arijit, Pritam",T-Series,Hindi,2020s,Top Hit,135787024,631229,323,5:23,2020-11-21T08:00:13Z,jh66Pjtqr4k,https://www.youtube.com/watch?v=jh66Pjtqr4k
828,Nayan,Dhvani Bhanushali - Topic,English/International,2020s,Very Popular,27990628,192406,255,4:15,2020-12-08T05:58:53Z,gDonh4XgrdA,https://www.youtube.com/watch?v=gDonh4XgrdA
829,"Dil Ko Maine Di Kasam Video | Amaal M Ft.Arijit S,Kumaar | Asim R,Himanshi K| Bhushan K |Arvindr K",T-Series,Hindi,2020s,Top Hit,115538742,1738676,218,3:38,2020-08-10T05:30:49Z,UsMRgnTcchY,https://www.youtube.com/watch?v=UsMRgnTcchY
830,"Ghungroo (From ""WAR"")",Arijit Singh - Topic,English/International,2010s,Very Popular,62797956,260925,303,5:03,2019-10-22T17:21:12Z,7SHohKbEKog,https://www.youtube.com/watch?v=7SHohKbEKog
831,"Dekha Ek Khwab | Kishore Kumar, Lata Mangeshkar | Silsila | Old Hindi Songs",Old Hindi Songs,Hindi,2020s,Popular,2056803,12524,326,5:26,2026-06-25T10:30:15Z,sVwpwEwIw5w,https://www.youtube.com/watch?v=sVwpwEwIw5w
832,Kasme Vaade Pyar Wafa 💔 | 90s Filmy Gaane | Evergreen Hits  song | Geet yug,Geet Yug,English/International,2020s,Popular,2621762,20351,512,8:32,2026-04-19T12:45:04Z,b61NS_GiXAc,https://www.youtube.com/watch?v=b61NS_GiXAc
833,Lata - Kishore : Tujh Sang Preet Lagai Sajna तुझ संग प्रीत | Jaya Prada | Rakesh R | Old Hindi Song,Dard Bhare Songs,Hindi,2020s,Popular,7165071,23231,480,8:00,2026-05-12T13:35:25Z,uAxMfjmIIQc,https://www.youtube.com/watch?v=uAxMfjmIIQc
834,"Aap Ke Aa Jane Se आप के आ जाने से 💖 4K | Khudgarz (1987) Govinda, Neelam | Sadhana Sargam & MohdAziz",SuperHit Gaane,English/International,2020s,Very Popular,12042828,59550,369,6:09,2026-06-23T05:30:04Z,vNWNydwBEks,https://www.youtube.com/watch?v=vNWNydwBEks
835,"Dil Ka Kya Kare Sahib Hum Unhi Pe Marte Hain | Jeet | Sunny Deol, Tabu | Kavita Krishnamurthy",Tips Official,Hindi,2020s,Very Popular,10722237,31891,435,7:15,2026-04-01T05:30:16Z,VYnhTXsXqH4,https://www.youtube.com/watch?v=VYnhTXsXqH4
836,Chala Jata Hoon,Kishore Kumar - Topic,English/International,2010s,Popular,6938763,56922,270,4:30,2019-02-26T19:52:29Z,rTvXOqFZThU,https://www.youtube.com/watch?v=rTvXOqFZThU
837,Aapke Pyaar Mein Hum,Alka Yagnik - Topic,English/International,2010s,Very Popular,32944371,207189,330,5:30,2014-11-08T20:58:54Z,YSRQfSmi9pI,https://www.youtube.com/watch?v=YSRQfSmi9pI
838,"रिमझिम गिरे सावन | Rimjhim Gire Sawan | Lata Mangeshkar | Manzil (1979) | Amitabh Bachchan, Moushumi",Shemaroo Filmi Gaane,English/International,2020s,Very Popular,22233933,90848,225,3:45,2025-01-24T05:00:09Z,6C7R_CUJgHQ,https://www.youtube.com/watch?v=6C7R_CUJgHQ
839,हाल क्या है दिलों का ना पूछो सनम Haal Kya Hai Dilon Ka Na Pucho Sanam Kishore Kumar Old Songs Bewafa,बेवफा इश्क़ ग़ज़ल,English/International,2020s,Very Popular,24212454,102400,319,5:19,2026-01-19T14:30:26Z,WZqmlRgUfmo,https://www.youtube.com/watch?v=WZqmlRgUfmo
840,"Hum Tumko Nigahon Mein Lyrical Video | Garv-Pride & Honour | Udit N,Shreya G|Salman Khan, Shilpa S",T-Series Bollywood Classics,Hindi,2010s,Top Hit,422116718,1375205,358,5:58,2019-06-17T07:14:44Z,MbIRbYjLdqM,https://www.youtube.com/watch?v=MbIRbYjLdqM
841,"Andekhi Anjaani | Full Song | Mujhse Dosti Karoge | Hrithik Roshan, Kareena Kapoor, Rani Mukerji",YRF,Hindi,2010s,Top Hit,313882482,1170517,373,6:13,2015-06-22T11:00:00Z,bBvlfHU4nDI,https://www.youtube.com/watch?v=bBvlfHU4nDI
842,"Hum Tere Pyar Mein - Lyrical Video | Dil Ek Mandir | Lata Mangeshkar, Meena Kumari | Old Hindi Songs",Old Hindi Songs,Hindi,2020s,Very Popular,17250422,141523,292,4:52,2025-09-17T05:23:58Z,1n13FVRtVxs,https://www.youtube.com/watch?v=1n13FVRtVxs
843,Neele Neele Ambar Par (1983) [Slow & Reverb] - Kishor Kumar | Slow Symphony,slow symphony,English/International,2020s,Popular,6851437,47752,350,5:50,2023-06-02T10:28:58Z,w_2wRMG1mH8,https://www.youtube.com/watch?v=w_2wRMG1mH8
844,Lata Mangeshkar : Lag Ja Gale | Old Hindi Sad Song | Iconic Bollywood Song,Dard Bhare Songs,Hindi,2020s,Very Popular,35051856,187978,417,6:57,2023-09-06T09:27:53Z,DFbbpMD3taw,https://www.youtube.com/watch?v=DFbbpMD3taw
845,Golden Era Bollywood Song | Old Romantic Classic | Old is Gold Songs | Ek Pal Hasna Ek Pal Rona,Maji Old Song,Hindi,2020s,Popular,4403846,21156,232,3:52,2025-11-02T04:45:06Z,wmPupW85u7Y,https://www.youtube.com/watch?v=wmPupW85u7Y
846,Kumar Sanu & Alka Yagnik | Mera Dil Bhi Kitna Pagal Hai | 90s Song | Sanjay Dutt - Madhuri,Dard Bhare Songs,English/International,2020s,Very Popular,50055181,203403,542,9:02,2025-01-04T12:31:31Z,DIvHIjOYq3U,https://www.youtube.com/watch?v=DIvHIjOYq3U
847,"Saat Samundar Paar Main Tere (Part1) | Vishwatma (1992) | Sunny Deol, Divya Bharti | 90s Hit Song",Desi Music Library,English/International,2020s,Popular,3928186,15873,386,6:26,2025-10-25T06:30:26Z,PMnnz2_kF3Q,https://www.youtube.com/watch?v=PMnnz2_kF3Q
848,"Khuda Jaane (From ""Bachna Ae Haseeno"")",Vishal - Shekhar - Topic,English/International,2020s,Very Popular,57699117,316193,334,5:34,2020-04-10T13:45:18Z,aG7MaqtWxT8,https://www.youtube.com/watch?v=aG7MaqtWxT8
849,HADH KARDI AAPNE,Udit Narayan - Topic,English/International,2010s,Very Popular,22154772,104355,319,5:19,2014-06-09T22:42:29Z,Xzx4Mv3D4m8,https://www.youtube.com/watch?v=Xzx4Mv3D4m8
850,"Woh Ajnabee Lyrical Video Song | The Train | Mithoon, Shilpa Rao | Emraan Hashmi, Sayali Bhagat",T-Series Bollywood Classics,Hindi,2020s,Very Popular,38109963,156891,304,5:04,2021-06-24T11:27:58Z,N7SgRFda9FU,https://www.youtube.com/watch?v=N7SgRFda9FU
851,Kuch To Hua Hai 4K Official Music Video | Alka Yagnik | Shaan | Saif Ali Khan | Preity Zinta,Sony Music India,Hindi,2020s,Very Popular,14380505,72466,299,4:59,2022-10-10T11:30:06Z,NMsvr4txH_g,https://www.youtube.com/watch?v=NMsvr4txH_g
852,O Priya O Priya -4K Video | Salman Khan & Rani Mukherjee | Kahin Pyaar Na Ho Jaaye | Hindi Love Song,Ishtar Music,Hindi,2020s,Very Popular,82830473,449015,358,5:58,2020-07-04T05:30:01Z,5KPzQPOenMY,https://www.youtube.com/watch?v=5KPzQPOenMY
853,I Hate Luv Storys Title Track Full Video - Sonam Kapoor|Imran Khan|Vishal Dadlani|Kumaar,SonyMusicIndiaVEVO,English/International,2010s,Top Hit,122879826,614271,225,3:45,2013-11-14T08:00:00Z,FDzYegv8JHE,https://www.youtube.com/watch?v=FDzYegv8JHE
854,Ek Pal Ka Jeena - Kaho Naa Pyaar Hai | Hrithik Roshan & Ameesha Patel | Lucky Ali | Rajesh Roshan,Zee Music Company,Hindi,2020s,Very Popular,79216909,326670,332,5:32,2024-12-27T02:30:01Z,aGbPyM6lzBs,https://www.youtube.com/watch?v=aGbPyM6lzBs
855,"Chor Bazari - Full Video Song | Love Aaj Kal | Saif Ali Khan, Deepika Padukone | Pritam",Sony Music India,Hindi,2000s,Very Popular,56803522,306827,241,4:01,2009-10-01T15:04:34Z,sDne5fEsxec,https://www.youtube.com/watch?v=sDne5fEsxec
856,"Zindagi Do Pal Ki  [Full Song]  Kites | Hrithik Roshan, Barbara Mori",T-Series,Hindi,2010s,Very Popular,12699777,93739,221,3:41,2011-04-20T14:35:11Z,4DbVdym2M90,https://www.youtube.com/watch?v=4DbVdym2M90
857,"Khabar Nahi Lyric Video - Dostana|John,Abhishek,Priyanka|Shreya Ghoshal|Amanat Ali",SonyMusicIndiaVEVO,English/International,2010s,Very Popular,27447042,127715,252,4:12,2016-08-12T07:00:02Z,tTqaMRea9GM,https://www.youtube.com/watch?v=tTqaMRea9GM
858,LYRICAL: Tu Hi Tu Full Audio Song with Lyrics | Kick | Salman Khan | Himesh Reshammiya,T-Series,Hindi,2010s,Top Hit,219985298,1196610,330,5:30,2014-08-08T06:49:48Z,UH2cPk24LQw,https://www.youtube.com/watch?v=UH2cPk24LQw
859,"LYRICAL: Adhoore Song | Break Ke Baad | Imraan Khan, Deepika Padukone",T-Series,Hindi,2010s,Very Popular,24205963,133637,283,4:43,2019-03-02T08:16:28Z,_-t-FcK_9mo,https://www.youtube.com/watch?v=_-t-FcK_9mo
860,Rafta Rafta - Official Song Video | Namastey London | Akshay Kumar & Katrina Kaif,Sony Music India,Hindi,2010s,Very Popular,33548687,171019,243,4:03,2010-07-13T10:33:08Z,IJxkxyLYlMY,https://www.youtube.com/watch?v=IJxkxyLYlMY
861,New Song 2026 | New Hindi Song | Khuda Na Kare | Emraan Hashmi | Kriti Sanon | New Song,Gaurav Mali,Hindi,2020s,Low,1053,36,326,5:26,2026-08-24T14:30:45Z,Aa7CQop9A40,https://www.youtube.com/watch?v=Aa7CQop9A40
862,New Song 2026 | New Hindi Song | Ishq Hai Dua | Aryan Khan | Kriti Sanon | New Song,Gaurav Mali,Hindi,2020s,Medium,513697,2399,312,5:12,2026-08-16T14:56:01Z,UDq__6325AE,https://www.youtube.com/watch?v=UDq__6325AE
863,"Sitaare (From ""Ikkis"")",Arijit Singh - Topic,English/International,2020s,Very Popular,39727194,388311,243,4:03,2025-12-03T12:04:16Z,uT_HXrrmHX8,https://www.youtube.com/watch?v=uT_HXrrmHX8
864,New Song 2026 | New Hindi Song | Mohabbat Rone Lagi | Yash | Kriti Sanon | New Song,Gaurav Mali,Hindi,2020s,Popular,2704431,9931,329,5:29,2026-08-13T15:23:25Z,7X4jDB_ET0M,https://www.youtube.com/watch?v=7X4jDB_ET0M
865,New Song 2026 | New Hindi Song | Maaf Kar De Dil | Emraan Hashmi | Harnaaz Sandhu | New Song,Gaurav Mali,Hindi,2020s,Medium,715364,2861,265,4:25,2026-08-20T14:53:11Z,agMZc3TsOBM,https://www.youtube.com/watch?v=agMZc3TsOBM
866,New Song 2026 | New Hindi Song | Koi Dard Naa Jaane | Yash | Sonam Bajwa | New Song,Gaurav Mali,Hindi,2020s,Medium,276281,1346,347,5:47,2026-08-22T15:09:39Z,u23eQZhEeh4,https://www.youtube.com/watch?v=u23eQZhEeh4
867,New Song 2026 | New Hindi Song | Ishq Mein Tere Hum | Shahid Kapoor | Alia Bhatt | Romantic Song,Prakash Jojawar,Hindi,2020s,Popular,1009372,3373,307,5:07,2026-08-10T02:14:04Z,5CYtl7o7ZAQ,https://www.youtube.com/watch?v=5CYtl7o7ZAQ
868,New Song 2026 | New Hindi Song | Baarish Aur Tum | Sidharth Malhotra | Kriti Sanon | New Song,Music World,Hindi,2020s,Medium,857375,3294,263,4:23,2026-07-27T14:22:33Z,ce7NfzrRrz0,https://www.youtube.com/watch?v=ce7NfzrRrz0
869,New Song 2026 | New Hindi Song | Teri Mohabbat Me Sanam | Aryan Khan | Rashmika Mandanna | Romantic,Prakash Jojawar,Hindi,2020s,Medium,528213,3371,357,5:57,2026-08-21T02:30:29Z,40dUu5C7Ypw,https://www.youtube.com/watch?v=40dUu5C7Ypw
870,New Song 2026 | New Hindi Song | Aawargi Pe Dil | Emraan Hashmi | Disha Patani | New Song,Gaurav Mali,Hindi,2020s,Popular,1381570,4985,281,4:41,2026-08-06T14:30:11Z,nB2RyEuO7k8,https://www.youtube.com/watch?v=nB2RyEuO7k8
871,New Song 2026 | New Hindi Song | Dil Ruswa Hai | Emraan Hashmi | Raashi Khanna | New Song,Gaurav Mali,Hindi,2020s,Popular,1509987,6393,295,4:55,2026-08-12T14:43:13Z,Yg6SK26lo9o,https://www.youtube.com/watch?v=Yg6SK26lo9o
872,New Song 2026 | New Hindi Song | Tanha Mera Dil | Aryan Khan | Kriti Sanon | New Song,Gaurav Mali,Hindi,2020s,Popular,2131293,9229,292,4:52,2026-08-02T15:12:47Z,nwZUpK0cvrE,https://www.youtube.com/watch?v=nwZUpK0cvrE
873,New Song 2026 | New Hindi Song | Ruswa Huaa Hai | Emraan Hashmi | Kriti Sanon | New Song,Gaurav Mali,Hindi,2020s,Popular,1069836,4168,287,4:47,2026-07-29T14:36:41Z,TEF9FOFU6Dw,https://www.youtube.com/watch?v=TEF9FOFU6Dw
874,New Song 2026 | New Hindi Song | Dil Tere Khayal Mein | Aryan Khan | Rashmika Mandanna | Romantic,Prakash Jojawar,Hindi,2020s,Popular,2047864,10209,325,5:25,2026-08-07T02:18:28Z,0EdQB3B752I,https://www.youtube.com/watch?v=0EdQB3B752I
875,New Song 2026 | Guzaarish | New Hindi Song | Emran Hashmi | Disha patani | Sagar Bairagi | New Song,Sagar Bairagi,Hindi,2020s,Popular,4059778,23775,260,4:20,2026-07-06T13:30:04Z,uCN3lhcFu5g,https://www.youtube.com/watch?v=uCN3lhcFu5g
876,New Song 2026 | New Hindi Song | Dil Ho Gaya Deewana | Shahid Kapoor | Rashmika M.| Romantic Song,Prakash Jojawar,Hindi,2020s,Popular,2076388,8318,323,5:23,2026-06-30T03:30:06Z,ob5UQmDMI-4,https://www.youtube.com/watch?v=ob5UQmDMI-4
877,New Song 2026 | New Hindi Song | Yeh Mohabbat Bewafa | Aryan Khan | Kriti Sanon | New Song,Gaurav Mali,Hindi,2020s,Medium,330145,1451,228,3:48,2026-08-19T15:30:06Z,8jsqPKuTkrs,https://www.youtube.com/watch?v=8jsqPKuTkrs
878,New Song 2026 | Dil Me O Sanam | Ranveer Singh | Sara Arjun | New Hindi Song | Romantic Song 2026,Prakash Jojawar,Hindi,2020s,Popular,3015140,12287,303,5:03,2026-04-19T02:13:07Z,fpJB5f8TerU,https://www.youtube.com/watch?v=fpJB5f8TerU
879,New Song 2026 | New Hindi Song | Tere Hone Se Dil Ko | Shahid Kapoor | Alia Bhatt | New Song,Gaurav Mali,Hindi,2020s,Popular,1293800,4566,227,3:47,2026-06-21T14:49:40Z,eKhau-_c7pM,https://www.youtube.com/watch?v=eKhau-_c7pM
880,New Song 2026 | New Hindi Song | Ishq Ki Aawangi | Yash | Kiara Advani | Bollywood Romantic Song,Prakash Jojawar,Hindi,2020s,Low,1980,70,283,4:43,2026-08-25T02:10:07Z,n_JdmYfen4o,https://www.youtube.com/watch?v=n_JdmYfen4o
881,New Song 2026 | New Hindi Song | Tere Ishq Mein Dil | Yash | Kiara Advani | New Song,Gaurav Mali,Hindi,2020s,Popular,1970274,8057,217,3:37,2026-07-02T14:30:35Z,E1a12CoLnXk,https://www.youtube.com/watch?v=E1a12CoLnXk
882,New Song 2026 | Tere Liye Soniye | Ranveer Singh | Sara Arjun | New Hindi Song | Romantic Song 2026,Prakash Jojawar,Hindi,2020s,Popular,1829529,8641,350,5:50,2026-05-29T02:30:27Z,T74OULE_a3E,https://www.youtube.com/watch?v=T74OULE_a3E
883,"Mashooqa (Video) Shahid, Kriti, Rashmika | Pritam, Mahmood, Amitabh B, Raghav C, Ruaa K | Cocktail 2",Universal Music India,English/International,2020s,Very Popular,47741359,273491,176,2:56,2026-05-19T08:15:10Z,7jMzMXpSOjs,https://www.youtube.com/watch?v=7jMzMXpSOjs
884,New Song 2026 | New Hindi Song | Izhaar Karta Hoon | Emraan Hashmi | Disha Patani | New Song,Gaurav Mali,Hindi,2020s,Medium,697459,3456,220,3:40,2026-07-20T14:51:17Z,PYEZBXDAGcw,https://www.youtube.com/watch?v=PYEZBXDAGcw
885,New Song | Sailaab | Ranveer Singh | Sara Arjun | New Hindi Song | New Song 2026,Gaurav Mali,Hindi,2020s,Popular,1764987,6974,247,4:07,2026-03-09T14:55:53Z,9XojMNF4LQc,https://www.youtube.com/watch?v=9XojMNF4LQc
886,New Song 2026 | Dil Pe Tera | Ariyan Khan| Rashmika Mandhana| New Hindi Song | Romantic Song 2026,Prakash Jojawar,Hindi,2020s,Popular,2683009,11438,276,4:36,2026-05-28T02:12:06Z,s3giv3r7DKE,https://www.youtube.com/watch?v=s3giv3r7DKE
887,New Song 2026 | New Hindi Song | Ab Soch Liya Dil Ne | Shahid Kapoor | Kriti Sanon | New Song,Music World,Hindi,2020s,Popular,2700371,11451,223,3:43,2026-05-20T13:04:29Z,R9Jbt4l0RWI,https://www.youtube.com/watch?v=R9Jbt4l0RWI
888,New Song 2026 | New Hindi Song | Oh Sanam Oh Sanam | Emraan Hashmi |Disha Patani| Bollywood New Song,Prakash Jojawar,Hindi,2020s,Medium,923554,6913,295,4:55,2026-08-17T02:16:59Z,d7LFRr10Puc,https://www.youtube.com/watch?v=d7LFRr10Puc
889,Panna ki tamnna hai | new version | classic evergreen hindi song | heera panna #90s #bollywood,ASTAMANI - Music,Hindi,2020s,Very Popular,9756045,60742,265,4:25,2026-04-18T12:30:04Z,U4mkLy4V7AQ,https://www.youtube.com/watch?v=U4mkLy4V7AQ
890,New Song 2026 | Phir Kabhi | Shahid Kapoor | Kriti Sanon | New Hindi Song | Romantic Hindi Song,Mr.MuzikVala,Hindi,2020s,Popular,3452972,20050,291,4:51,2026-04-21T01:59:01Z,sOeZfxvFu1E,https://www.youtube.com/watch?v=sOeZfxvFu1E
891,New Song 2026 | New Hindi Song | Dill Ne Tujhe Apna Kahaa | Emraan Hashmi | Disha Patani | New Song,Gaurav Mali,Hindi,2020s,Medium,615815,2611,209,3:29,2026-07-04T14:30:24Z,ZMyKUk6yjJA,https://www.youtube.com/watch?v=ZMyKUk6yjJA
892,New Song 2026 |Teri Nashili Aday| Ariyan Khan |Rashmika Mandanna| New Hindi Song|Romantic Song 2026,Prakash Jojawar,Hindi,2020s,Popular,1854210,8713,326,5:26,2026-04-07T02:13:06Z,SYTN6ylmHYk,https://www.youtube.com/watch?v=SYTN6ylmHYk
893,New Song 2026 | New Hindi Song | Dard Mila Hai | Yash | Tara Sutaria | New Song,Gaurav Mali,Hindi,2020s,Medium,709325,2799,231,3:51,2026-07-21T14:34:10Z,3wY4barw-IE,https://www.youtube.com/watch?v=3wY4barw-IE
894,New Song 2026 | Dil Ki Gali | Ranveer Singh | Sara Arjun | New Hindi Song 2026 | Romantic Song 2026,Prakash Jojawar,Hindi,2020s,Popular,2493919,11997,277,4:37,2026-06-06T02:10:06Z,NwCuKozZ-cQ,https://www.youtube.com/watch?v=NwCuKozZ-cQ
895,"Wow | Hai Jawani Toh Ishq Hona Hai | Varun, Mrunal, Pooja | Tanishk | Harrdy | Kiran | Rony | Gill",Tips Official,Hindi,2020s,Very Popular,41057865,159566,164,2:44,2026-04-24T05:30:07Z,SzTmJklgIM8,https://www.youtube.com/watch?v=SzTmJklgIM8
896,New Song 2026 | Dil Tujhpe Aa| Emran Hashmi |Raashii Khanna  | New Hindi Song | Romantic Song 2026,Prakash Jojawar,Hindi,2020s,Popular,1279308,6544,297,4:57,2026-04-09T02:13:06Z,KJUV_u1XcSg,https://www.youtube.com/watch?v=KJUV_u1XcSg
897,New Song 2026 | New Hindi Song | Chahat Ka Mausam | Romantic Songs | Emotional Songs | New Songs,Vatsal Bhoya,Hindi,2020s,Medium,649852,2187,260,4:20,2026-07-17T02:32:11Z,4owqs51u1kM,https://www.youtube.com/watch?v=4owqs51u1kM
898,New Song 2026 | New Hindi Song | Khafaa Hai Dil | Emraan Hashmi | Disha Patani | New Song,Gaurav Mali,Hindi,2020s,Medium,756919,3100,259,4:19,2026-08-14T14:30:06Z,mlIVDl_POso,https://www.youtube.com/watch?v=mlIVDl_POso
899,New Song 2026 | New Hindi Song | Dil Haar Gaya | Yash | Kiara Advani | New Song,Gaurav Mali,Hindi,2020s,Medium,619368,2172,253,4:13,2026-08-08T14:53:25Z,vmzlbLNklog,https://www.youtube.com/watch?v=vmzlbLNklog
900,New Song - Tum Mere Sath Ho | New Song 2026 | New Hindi Song | Romantic Song | New Video,Music World,Hindi,2020s,Popular,1137332,4223,254,4:14,2026-06-05T12:59:52Z,7BJlUXUXLnQ,https://www.youtube.com/watch?v=7BJlUXUXLnQ
901,New Song 2026 | New Hindi Song | Meri Aashiqui | Ranveer Singh | Sara Arjun | Romantic | New Song,Music World,Hindi,2020s,Popular,1767069,7047,181,3:01,2026-03-14T12:06:01Z,vqaS0DgAoGQ,https://www.youtube.com/watch?v=vqaS0DgAoGQ
902,New Song 2026 | New Hindi Song | Phir Bhula Dena | Emraan Hashmi | Disha Patani | New Song,Gaurav Mali,Hindi,2020s,Popular,1041372,3541,240,4:00,2026-07-15T15:03:28Z,3nD5iaOpDO4,https://www.youtube.com/watch?v=3nD5iaOpDO4
903,Ucha Lamba Kad Forever | Welcome to the Jungle | Akshay Kumar | Disha Patani | Vikram Montrose,Times Music,English/International,2020s,Very Popular,62129419,370310,227,3:47,2026-06-01T05:46:03Z,3CDOd4GdcUQ,https://www.youtube.com/watch?v=3CDOd4GdcUQ
904,"Shararat | Dhurandhar | Ranveer, Aditya Dhar, Shashwat, Jasmine, Madhubanti, Ayesha, Krystle",Saregama Music,Hindi,2020s,Top Hit,820629063,2874816,229,3:49,2025-12-09T09:33:03Z,YyepU5ztLf4,https://www.youtube.com/watch?v=YyepU5ztLf4
905,"Tu Hi Disda - Bhooth Bangla | Akshay Kumar & Wamiqa Gabbi | Pritam, Arijit Singh, Nikhita G, Kumaar",Zee Music Company,Hindi,2020s,Very Popular,56336547,433424,232,3:52,2026-03-24T08:05:06Z,4jO8EWJutfE,https://www.youtube.com/watch?v=4jO8EWJutfE
906,"Massacre Song | Music Video | ALPHA | Alia Bhatt, Sharvari | Rohansh & Abeer, Shilpa, Jonita, Kausar",YRF,Hindi,2020s,Very Popular,9260077,89615,175,2:55,2026-07-07T05:30:06Z,q5HK8lXE_aE,https://www.youtube.com/watch?v=q5HK8lXE_aE
907,"Madhosh | Toxic (Hindi) | Rocking Star Yash, Tara Sutaria | Tanishk, Arslan, Faheem, Siddharth, Syed",Zee Music Company,Hindi,2020s,Very Popular,42026015,149457,195,3:15,2026-07-21T06:03:04Z,CxN85kBZiI8,https://www.youtube.com/watch?v=CxN85kBZiI8
908,"ROOP DI RANI (Song) | PATI PATNI AUR WOH DO | Ayushmann,Wamiqa,Sara,Rakul,Guru R,Tanishk,Heer,Rajesh",T-Series,Hindi,2020s,Very Popular,29500377,79139,148,2:28,2026-04-22T07:34:55Z,F7kP6phFY5M,https://www.youtube.com/watch?v=F7kP6phFY5M
909,"Tabaahi 🔥| Toxic (Hindi) | Rocking Star Yash, Kiara Advani, Tara Sutaria| Vishal Mishra, Raj Shekhar",Zee Music Company,Hindi,2020s,Very Popular,55409356,383979,269,4:29,2026-07-08T06:03:03Z,h1kihH0l8iQ,https://www.youtube.com/watch?v=h1kihH0l8iQ
910,"Lutt Le Gaya - Lyrical | Dhurandhar | Ranveer Singh, Akshaye Khanna, Shashwat Sachdev, Simran C",Saregama Music,Hindi,2020s,Top Hit,115119192,570906,258,4:18,2026-02-16T10:08:04Z,czgm5uaO3gI,https://www.youtube.com/watch?v=czgm5uaO3gI
911,"Yeh Awarapan | Emraan Hashmi, Disha Patani | Vishesh Bhatt | Amaal, Arijit, Rashmi Virag| Awarapan 2",Sony Music India,Hindi,2020s,Very Popular,81313929,375629,198,3:18,2026-07-21T05:41:25Z,I9tX-lFUTrw,https://www.youtube.com/watch?v=I9tX-lFUTrw
912,"Ve Junoon | Awarapan 2 | Emraan Hashmi, Disha Patani | Vishesh Bhatt | Mithoon, Sayeed Q., Subodhh",Sony Music India,Hindi,2020s,Very Popular,38955296,367064,223,3:43,2026-07-07T05:41:05Z,HX1EXb5kWwY,https://www.youtube.com/watch?v=HX1EXb5kWwY
913,"Tujhko (Video) Shahid, Rashmika, Kriti | Pritam, Arijit Singh, Sunidhi C, Amitabh B | Cocktail 2",Universal Music India,English/International,2020s,Very Popular,29083959,206911,216,3:36,2026-05-25T05:15:08Z,xCHsyht5eac,https://www.youtube.com/watch?v=xCHsyht5eac
914,"Maskara | Main Vaapas Aaunga |@ARRahman| Imtiaz Ali, Irshad Kamil, Vedang Raina, Nilanjana, Sharvari",Tips Official,Hindi,2020s,Very Popular,33677074,164674,214,3:34,2026-05-05T05:30:11Z,DgKHBJWYpFs,https://www.youtube.com/watch?v=DgKHBJWYpFs
915,"Teri Bekaraari Mein (Official Video) | Emraan Hashmi, Disha Patani | New Hindi Romantic Song 2026",Ekram Pradhan,Hindi,2020s,Popular,3230861,22128,291,4:51,2026-07-16T14:35:04Z,iHW9uLGu7T0,https://www.youtube.com/watch?v=iHW9uLGu7T0
916,Alpha Movie New Song BAM BAM (2026) | Official Music  | New Hindi Action Song | Classic Filmi Era,Classic Filmi Era,Hindi,2020s,Popular,1204948,9833,158,2:38,2026-07-08T14:30:39Z,d5M415OA0ng,https://www.youtube.com/watch?v=d5M415OA0ng
917,LAAVAN (Music Video) Jasmine Sandlas | Mofusion | Pro Media,Jasmine Sandlas,English/International,2020s,Very Popular,62257881,454386,187,3:07,2024-12-11T04:37:40Z,OxXKDGO-MYQ,https://www.youtube.com/watch?v=OxXKDGO-MYQ
918,"HUMNE WAHIN LAGAYA DIL | PATI PATNI AUR WOH DO | Ayushmann,Badshah,Krish-Kishore Mondal,Kunaal,Devv",T-Series,Hindi,2020s,Very Popular,17786342,108447,169,2:49,2026-05-06T05:30:07Z,YGP_TmZrG7M,https://www.youtube.com/watch?v=YGP_TmZrG7M
919,Moonlight | Yo Yo Honey Singh feat. Priceless | Full Video,Yo Yo Honey Singh,English/International,2020s,Very Popular,12132958,232093,187,3:07,2026-08-06T05:30:07Z,JF42RpxAEko,https://www.youtube.com/watch?v=JF42RpxAEko
920,Champagne Song | ALPHA | Sharvari | Rohansh & Abeer | Akasa | Anvitaa Dutt,YRF,Hindi,2020s,Popular,5312897,67884,173,2:53,2026-07-14T05:30:35Z,YwlndOd4xLE,https://www.youtube.com/watch?v=YwlndOd4xLE
921,Tu Mileya (Song) | Akhil Sachdeva | Tarun Kinra | Khushi Saraswat | Showkidd | Bhushan Kumar,T-Series,Hindi,2020s,Popular,7173998,53769,192,3:12,2026-06-23T09:00:03Z,xT9ma1ypEEA,https://www.youtube.com/watch?v=xT9ma1ypEEA
922,"Vallah (Official Video) Shahid, Kriti, Rashmika | Pritam, Bayanni, Harrdy S, Amitabh B | Cocktail 2",Universal Music India,English/International,2020s,Very Popular,15925011,99403,137,2:17,2026-06-09T05:41:02Z,JBOkML4Ld9g,https://www.youtube.com/watch?v=JBOkML4Ld9g
923,"Tere Paas Main|Main Vaapas Aaunga|@diljitdosanjh,@ARRahman,Imtiaz Ali,Irshad,Vedang,Sharvari,Deepali",Tips Official,Punjabi,2020s,Very Popular,10328953,101502,149,2:29,2026-06-18T10:30:17Z,rNXmANj72ps,https://www.youtube.com/watch?v=rNXmANj72ps
924,"Poison Baby | Thamma | Malaika A, Ayushmann K, Rashmika M | Sachin-Jigar,Jasmine S, Divya, Amitabh B",Universal Music India,English/International,2020s,Top Hit,139832096,701988,183,3:03,2025-10-13T14:20:13Z,JYRtKF4wknQ,https://www.youtube.com/watch?v=JYRtKF4wknQ
925,"Deewane Hain | Welcome to the Jungle | Amruta Fadnavis, Anand Raaj Anand | In Cinemas Now",Times Music,English/International,2020s,Popular,7586616,41200,239,3:59,2026-06-18T06:36:04Z,14IA7mkz5Aw,https://www.youtube.com/watch?v=14IA7mkz5Aw
926,"O'Romeo: Paan Ki Dukaan (Song) | Shahid K,Disha P| Sajid N | Vishal B |Gulzar |Sukhwinder S |Rekha B",T-Series,Hindi,2020s,Very Popular,35730259,289986,156,2:36,2026-02-06T13:30:05Z,JJRuseHsoVk,https://www.youtube.com/watch?v=JJRuseHsoVk
927,"Musafir Cafe: Darmiyaan (Lyrical) | Vikrant Massey,Vedika,Mahima | Rekha Bhardwaj,Raghav K,Amrita S",T-Series,Hindi,2020s,Popular,8219390,43524,281,4:41,2026-07-28T12:31:59Z,cBJWmHOnBUo,https://www.youtube.com/watch?v=cBJWmHOnBUo
928,"Tamma Tamma (Lyrical) | Dhurandhar The Revenge |Ranveer Singh|Bappi Lahiri,Anuradha Paudwal,Indeevar",T-Series,Hindi,2020s,Very Popular,36882663,155048,259,4:19,2026-04-02T07:00:08Z,SSofpP1_6F0,https://www.youtube.com/watch?v=SSofpP1_6F0
929,Tiger Shroff's NEW Hindi Love Song 2026 With Kiara Advani Is OUT NOW❤️,LoveBite,Hindi,2020s,Popular,2036707,12735,256,4:16,2026-04-07T11:22:10Z,s1syOfiXNeo,https://www.youtube.com/watch?v=s1syOfiXNeo
930,"Dhamaal 4: CHATNI (Song) | Ajay Devgn, Arshad,Ritiesh, Jaaved, Ravi Kishan | Neelkamal, Aditya,Mamta",T-Series,Hindi,2020s,Very Popular,24494804,145702,144,2:24,2026-06-15T05:42:33Z,gZWLEm4JLQk,https://www.youtube.com/watch?v=gZWLEm4JLQk
931,"Jab Talak (First Look) Shahid, Kriti, Rashmika | Pritam, Arijit Singh, Amitabh, Akasa | Cocktail 2",Universal Music India,English/International,2020s,Very Popular,28945473,198018,110,1:50,2026-04-08T07:07:16Z,W8MfxpJ-EfE,https://www.youtube.com/watch?v=W8MfxpJ-EfE
932,JUGNI - Jacqueline Fernandez | Sonu Thukral | B Praak | Arvvindr S Khaira,SТ Мusic,Punjabi,2020s,Very Popular,23821057,137222,180,3:00,2026-07-18T09:08:18Z,SF9pRQc_fls,https://www.youtube.com/watch?v=SF9pRQc_fls
933,"Dhun Song | Saiyaara | Ahaan Panday, Aneet Padda | Mithoon | Arijit Singh",YRF,Hindi,2020s,Top Hit,272402033,1394905,213,3:33,2025-07-01T05:30:05Z,cUmUOb7j3dc,https://www.youtube.com/watch?v=cUmUOb7j3dc
934,New Song 2026 | Raat Teri Yaadon | Tiger Shroff | Sonam Bajwa| New Hindi Song | Romantic Song 2026,Prakash Jojawar,Hindi,2020s,Popular,4396475,20909,406,6:46,2026-04-21T02:13:06Z,wURGzfP6cHw,https://www.youtube.com/watch?v=wURGzfP6cHw
935,AADAT (Official Video): YO YO HONEY SINGH | AP DHILLON | VAANI KAPOOR | 51 GLORIOUS DAYS | BHUSHAN K,T-Series,Punjabi,2020s,Very Popular,87802836,863805,223,3:43,2025-12-22T05:30:08Z,lcw4TDMBjZA,https://www.youtube.com/watch?v=lcw4TDMBjZA
936,"Jag Se Laaj (Video) | Shahid, Kriti, Rashmika | Pritam, Shilpa, Aarvan, WiSH, Amitabh B | Cocktail 2",Universal Music India,English/International,2020s,Popular,6772410,30901,214,3:34,2026-06-20T05:30:09Z,D1F-6BbhYAo,https://www.youtube.com/watch?v=D1F-6BbhYAo
937,"Channa Mereya (From ""Ae Dil Hai Mushkil"")",Arijit Singh - Topic,English/International,2010s,Very Popular,54965100,362844,290,4:50,2017-02-18T06:16:01Z,FO9rBogdRRQ,https://www.youtube.com/watch?v=FO9rBogdRRQ
938,Satranga,Arijit Singh - Topic,English/International,2020s,Very Popular,56468611,311176,272,4:32,2023-10-27T11:04:47Z,YCwP7X42wfw,https://www.youtube.com/watch?v=YCwP7X42wfw
939,Soch Na Sake,Arijit Singh - Topic,English/International,2020s,Popular,1619441,13501,282,4:42,2020-07-01T01:42:27Z,g05xrh4EV20,https://www.youtube.com/watch?v=g05xrh4EV20
940,Dhun (Movie: Saiyaara),Arijit Singh - Topic,English/International,2020s,Very Popular,44793979,299326,277,4:37,2025-07-01T05:33:04Z,Wqu4MRQOgyo,https://www.youtube.com/watch?v=Wqu4MRQOgyo
941,"Aashiqui 2: Aasan Nahin Yahan 8K Full Video Song | Arijit Singh | Aditya Roy Kapur, Shraddha Kapoor",T-Series,Hindi,2020s,Very Popular,12225277,76652,215,3:35,2026-04-20T13:00:23Z,aNToVeBBKn4,https://www.youtube.com/watch?v=aNToVeBBKn4
942,"Chhod Diya (Lyrics) - Arijit Singh, Kanika Kapoor | Baazaar",Musicroo,English/International,2020s,Top Hit,166814745,2108859,320,5:20,2020-10-11T06:33:23Z,KMz2pTfRIxw,https://www.youtube.com/watch?v=KMz2pTfRIxw
943,Sanam Re,Arijit Singh - Topic,English/International,2020s,Popular,5179085,60570,310,5:10,2020-05-24T07:53:58Z,utU4laPPKls,https://www.youtube.com/watch?v=utU4laPPKls
944,Badshah X Arijit Singh - Soulmate (Live Video) | Ek THA RAJA,Badshah,English/International,2020s,Top Hit,144264873,1410612,213,3:33,2024-04-12T10:41:02Z,k3ijQJjUbTs,https://www.youtube.com/watch?v=k3ijQJjUbTs
945,"""Tum Hi Ho"" Aashiqui 2 Full Song With Lyrics | Aditya Roy Kapur, Shraddha Kapoor",T-Series,Hindi,2010s,Top Hit,501075901,3390482,268,4:28,2013-04-04T12:32:37Z,Umqb9KENgmk,https://www.youtube.com/watch?v=Umqb9KENgmk
946,Mann Jogiya - Official Video #ArijitSingh #IshitaVishwakarma #Anique #Dheeraj | Pyaar Hai Toh Hai,Ultra Music,English/International,2020s,Top Hit,154101015,864732,261,4:21,2023-09-25T05:30:12Z,2oK_SyDC6pU,https://www.youtube.com/watch?v=2oK_SyDC6pU
947,Saware Full AUDIO Song - Arijit Singh | Phantom | T-Series,T-Series,Hindi,2010s,Top Hit,110167237,855632,322,5:22,2015-08-10T06:59:32Z,CsOsmgUmT9U,https://www.youtube.com/watch?v=CsOsmgUmT9U
948,"Full Song: Tujhe Kitna Chahne Lage | Kabir Singh | Mithoon Feat. Arijit Singh | Shahid K, Kiara A",T-Series,Hindi,2010s,Top Hit,296786724,2591578,219,3:39,2019-07-04T06:48:51Z,AgX2II9si7w,https://www.youtube.com/watch?v=AgX2II9si7w
949,Sanam Re - Arijit Singh (Lyrics) | Lyrical Bam Hindi,LYRICAL BAM HINDI,Hindi,2020s,Popular,8908624,74062,270,4:30,2025-05-19T10:30:37Z,liSbkrbNj6Y,https://www.youtube.com/watch?v=liSbkrbNj6Y
950,"Khamoshiyan - Title Track | Khamoshiyan | Arijit Singh | Ali Fazal, Sapna Pabbi, Gurmeet C | MusicX",MusicX - The Way of Entertainment,English/International,2020s,Very Popular,43769208,221279,362,6:02,2023-01-28T14:28:45Z,KI9fXv2qQ40,https://www.youtube.com/watch?v=KI9fXv2qQ40
951,"Kasturi (From ""Amar Prem Ki Prem Kahani"")",Arijit Singh - Topic,English/International,2020s,Very Popular,21385414,223849,233,3:53,2024-09-16T10:00:22Z,OBhN_FwzFEg,https://www.youtube.com/watch?v=OBhN_FwzFEg
952,Arijit Singh: Sitaare (Audio) | Ikkis | Soulful Arijit Singh,Soulful Arijit Singh 2.0,English/International,2020s,Very Popular,10234531,117149,243,4:03,2025-12-03T12:48:21Z,FSFCxQIn_Gg,https://www.youtube.com/watch?v=FSFCxQIn_Gg
953,"Mast Magan Full Song with Lyrics | 2 States | Arijit Singh | Arjun Kapoor, Alia Bhatt",T-Series,Hindi,2010s,Top Hit,169455925,891048,281,4:41,2014-03-28T09:49:16Z,fXRvluHnjxE,https://www.youtube.com/watch?v=fXRvluHnjxE
954,Arijit Singh | Muskurane Ki Wajah Tum Ho (Lyrical Video) Rajkummar Rao | Jeet Gannguli | CityLights,Sony Music India,Hindi,2020s,Very Popular,62563190,315857,341,5:41,2024-11-18T11:25:16Z,2ltGXfmI6mk,https://www.youtube.com/watch?v=2ltGXfmI6mk
955,Ye Fitoor Mera - Arijit Singh (Lyrics) | Lyrical Bam Hindi,LYRICAL BAM HINDI,Hindi,2020s,Popular,3766754,23873,285,4:45,2025-06-06T10:30:15Z,OsLlPMQ9Uds,https://www.youtube.com/watch?v=OsLlPMQ9Uds
956,"Aayat - Lyrical Video | Bajirao Mastani | Arijit Singh | Ranveer, Deepika | Sanjay Leela Bhansali",Sony Music India,Hindi,2010s,Top Hit,126391816,877878,248,4:08,2016-01-14T07:32:21Z,vKDsAB1ccn0,https://www.youtube.com/watch?v=vKDsAB1ccn0
957,Arijit Singh: ISHQ MUBARAK Full Song WIth Lyrics | Tum Bin 2,T-Series,Hindi,2010s,Top Hit,203624403,1232950,308,5:08,2016-10-20T08:34:48Z,RA5YzeKn59M,https://www.youtube.com/watch?v=RA5YzeKn59M
958,"Arijit Singh : Lambiyaan Si Judaiyaan With Lyrics | Raabta | Sushant Rajput, Kriti Sanon | T-Series",T-Series,Hindi,2010s,Top Hit,663694970,3639952,259,4:19,2017-05-23T11:58:11Z,vc-KxBjIbgI,https://www.youtube.com/watch?v=vc-KxBjIbgI
959,Tere Bina (Lyrical) - Arijit Singh | Zareen Khan & Karan Kundrra | Aakanksha S | Asad Khan | 1921,Soulful Arijit Singh Songs,English/International,2020s,Very Popular,38326790,354214,262,4:22,2025-03-21T11:30:11Z,KQtMPONdxGs,https://www.youtube.com/watch?v=KQtMPONdxGs
960,"Soch Na Sake FULL VIDEO SONG | AIRLIFT | Akshay Kumar, Nimrat Kaur | Arijit Singh, Tulsi Kumar",T-Series,Hindi,2010s,Top Hit,403531976,2123591,261,4:21,2016-02-04T12:39:30Z,MRtRcTfszjY,https://www.youtube.com/watch?v=MRtRcTfszjY
961,"Chal Wahan Jaate Hain Full Song with LYRICS - Arijit Singh | Tiger Shroff, Kriti Sanon | T-Series",T-Series,Hindi,2010s,Top Hit,99568916,1070187,327,5:27,2015-07-24T12:59:35Z,MVpAAJzPEds,https://www.youtube.com/watch?v=MVpAAJzPEds
962,"Dil Jhoom | Gadar 2 | Arijit Singh | Sunny Deol, Utkarsh Sharma, Simratt K | Mithoon, Sayeed Quadri",Zee Music Company,Hindi,2020s,Top Hit,186539899,1307045,321,5:21,2023-08-12T11:02:25Z,BsqrmY91nUQ,https://www.youtube.com/watch?v=BsqrmY91nUQ
963,"Hai Dil Ye Mera Full Video Song | Arijit Singh | Hate Story 2 | Jay Bhanushali, Surveen Chawla",T-Series,Hindi,2010s,Top Hit,281734191,1815213,319,5:19,2014-08-02T09:55:08Z,iF6L0mB1bEA,https://www.youtube.com/watch?v=iF6L0mB1bEA
964,Sukoon Mila Full Video | Mary Kom | Priyanka Chopra & Darshan Gandas | Arijit Singh | HD,Zee Music Company,Hindi,2010s,Top Hit,109261882,869161,234,3:54,2014-11-13T09:38:27Z,rRx88tN2LYo,https://www.youtube.com/watch?v=rRx88tN2LYo
965,"Khawne Gorachand, Khawne Kaalaa | লহ গৌরাঙ্গের নাম রে | Arijit Singh | ID | Ritam | Srijit | SVF,DCM",SVF,English/International,2020s,Very Popular,28204126,285134,256,4:16,2025-12-21T05:30:22Z,guv_YlxJIHo,https://www.youtube.com/watch?v=guv_YlxJIHo
966,Arijit Singh - Neki Ki Raah (Lyrical) | Mithoon | Best Motivational Song,Soulful Arijit Singh Songs,English/International,2020s,Popular,6360469,65962,300,5:00,2025-03-15T13:45:15Z,HJQ7Xnx6aHA,https://www.youtube.com/watch?v=HJQ7Xnx6aHA
967,"Sajni (Song): Arijit Singh, Ram Sampath | Laapataa Ladies | Aamir Khan Productions",T-Series,Hindi,2020s,Top Hit,218915287,1234221,146,2:26,2024-02-12T05:30:25Z,k3g_WjLCsXM,https://www.youtube.com/watch?v=k3g_WjLCsXM
968,"Mast Magan FULL Video Song | 2 States | Arijit Singh | Arjun Kapoor, Alia Bhatt",T-Series,Hindi,2010s,Top Hit,116681836,1004849,224,3:44,2014-05-16T06:13:37Z,xitd9mEZIHk,https://www.youtube.com/watch?v=xitd9mEZIHk
969,"Lyrical: Uska Hi Banana | 1920 Evil Returns | Arijit Singh | Aftab Shivdasani, Tia Bajpai",T-Series,Hindi,2010s,Top Hit,480778524,2947593,348,5:48,2018-12-17T04:30:02Z,q-RP99S_qK0,https://www.youtube.com/watch?v=q-RP99S_qK0
970,"Itni Si Baat Hain Full Video Song | AZHAR | Emraan Hashmi, Prachi Desai | Arijit Singh, Pritam",T-Series,Hindi,2010s,Top Hit,152001418,1097700,210,3:30,2016-05-24T04:30:01Z,tucWbkH5WX0,https://www.youtube.com/watch?v=tucWbkH5WX0
971,"Tu Hi Hai Aashiqui – Lyrical Video | Arijit Singh | Harman, Ayesha | Palash Muchhal | Dishkiyaoon",SonyMusicIndiaVEVO,English/International,2020s,Very Popular,13058155,74904,301,5:01,2025-12-30T08:00:21Z,I5WX0VoOBaQ,https://www.youtube.com/watch?v=I5WX0VoOBaQ
972,"Fhir Bhi Tumko Chaahunga (Full Song) Arijit Singh, movie Half girlfriend",Melody Beats,English/International,2020s,Popular,2160509,19421,378,6:18,2024-05-10T11:15:10Z,UX02Qawvu1I,https://www.youtube.com/watch?v=UX02Qawvu1I
973,"Darkhaast - Arijit Singh, Sunidhi Chauhan  (Lyrics)",TuneInk,English/International,2020s,Popular,1067247,0,375,6:15,2026-07-20T10:30:11Z,KZiCOZCRpek,https://www.youtube.com/watch?v=KZiCOZCRpek
974,"PHIR SE (Video) | Dhurandhar The Revenge |Ranveer Singh|Shashwat Sachdev,Arijit S,Irshad K|Aditya D",T-Series,Hindi,2020s,Very Popular,32622412,269101,228,3:48,2026-03-25T08:31:02Z,Ans8Y59cvds,https://www.youtube.com/watch?v=Ans8Y59cvds
975,Seene se tum mere aake laag jaona ( Lyrics ) | Arijit Singh |,MrCrazy vine,English/International,2020s,Very Popular,10970842,165057,168,2:48,2020-07-22T09:27:58Z,kNXKW4Toq_A,https://www.youtube.com/watch?v=kNXKW4Toq_A
976,OONCHI OONCHI DEEWAREIN (Full Song) - Yaariyan 2 | Arijit Singh | Manan Bhardwaj,Sangam Lyrics 💕,English/International,2020s,Popular,2932256,25791,254,4:14,2023-09-20T19:29:23Z,O88a-6TKHe0,https://www.youtube.com/watch?v=O88a-6TKHe0
977,"""Milne Hai Mujhse Aayi Aashiqui 2"" Full Video Song | Aditya Roy Kapur, Shraddha Kapoor",T-Series,Hindi,2010s,Top Hit,298100617,2658033,221,3:41,2013-05-18T11:00:16Z,GtPvCa3vvxA,https://www.youtube.com/watch?v=GtPvCa3vvxA
978,Dhoop mein tujhse thandak | Arijit singh song | O heeriye meri sun zara full song,Arijit's World,English/International,2020s,Very Popular,28591237,342302,290,4:50,2022-05-06T07:30:01Z,p1ZrlCer3FA,https://www.youtube.com/watch?v=p1ZrlCer3FA
979,"Samjhawan - 8K/4K Music Video | Arijit Singh, Shreya G | Varun D, Alia | Humpty Sharma Ki Dulhania",Sony Music India,Hindi,2020s,Popular,2171240,16690,185,3:05,2026-07-11T08:30:20Z,KXs2zgqLpVk,https://www.youtube.com/watch?v=KXs2zgqLpVk
980,"Hawayein - Lyrical Video | Jab Harry Met Sejal | Shah Rukh Khan, Anushka | Arijit Singh | Pritam",Sony Music India,Hindi,2010s,Top Hit,599129357,3049850,292,4:52,2017-08-24T07:00:02Z,cYOB941gyXI,https://www.youtube.com/watch?v=cYOB941gyXI
981,"Tera Chehra - Lyric Video | Arijit Singh | Himesh R | Harshvardhan, Mawra | Sanam Teri Kasam",Sony Music India,Hindi,2020s,Top Hit,162686159,926473,278,4:38,2025-02-08T06:30:17Z,LOmC1dlZ2BE,https://www.youtube.com/watch?v=LOmC1dlZ2BE
982,"Arijit Singh: Raanjhana (Lyrics) | Priyank Sharmaaa, Hina Khan | Asad Khan, Requeeb Alam",Musicroo,English/International,2010s,Popular,7166762,133036,272,4:32,2019-12-12T07:15:09Z,LaBCV24ol_M,https://www.youtube.com/watch?v=LaBCV24ol_M
983,Aayat - Lyrical Video | Sanjay Leela Bhansali | Arijit Singh | Ranveer | Deepika | Bajirao Mastani,SonyMusicIndiaVEVO,English/International,2020s,Popular,3392406,22268,264,4:24,2025-12-12T11:21:58Z,DDYSI_GaNOU,https://www.youtube.com/watch?v=DDYSI_GaNOU
984,"Soch Na Sake - (Lyrics) | Arijit Singh, Amaal Mallik & Tulsi Kumar | Airlift",Love & Lyrics,English/International,2020s,Popular,4582269,43142,279,4:39,2023-06-29T10:27:21Z,owqEQcVAFaE,https://www.youtube.com/watch?v=owqEQcVAFaE
985,"TUM BIN 2: ISHQ MUBARAK 8K Video Song | Arijit Singh | Neha Sharma, Aditya Seal | Aashim Gulati",T-Series,Hindi,2020s,Popular,3339337,32196,293,4:53,2026-04-24T13:15:26Z,jMqSO4S-Q9E,https://www.youtube.com/watch?v=jMqSO4S-Q9E
986,"Arijit Singh: Baaton Ko Teri | Himesh Reshammiya, Abhishek Bachchan, Asin | All Is Well",Musicroo,English/International,2010s,Very Popular,13152075,199218,247,4:07,2019-11-18T05:22:21Z,IWkRA2VD60k,https://www.youtube.com/watch?v=IWkRA2VD60k
987,"Arijit Singh, Palak Muchhal - Teri Meri Kahaani (Lyrics)",D-Muze India,English/International,2020s,Very Popular,10703701,101416,310,5:10,2025-05-08T01:27:59Z,ar5hpVZmGfw,https://www.youtube.com/watch?v=ar5hpVZmGfw
988,Martin Garrix & Arijit Singh - Angels For Each Other (Official Video),Martin Garrix,English/International,2020s,Very Popular,26334820,509796,230,3:50,2025-03-17T14:00:07Z,OTMQJ656r-M,https://www.youtube.com/watch?v=OTMQJ656r-M
989,Tere Bina Marz Adha Adhura hai | Arijit Singh & Shreya Ghoshal Style,SurNoor Z,English/International,2020s,Popular,2672335,26637,315,5:15,2026-04-05T13:00:58Z,_gHHUEkBcOs,https://www.youtube.com/watch?v=_gHHUEkBcOs
990,Bhole Tere Naam | Arijit Singh Inspired Devotional Sufi Bhajan | Har Har Mahadev | Mahadev Song,SatyaSur,English/International,2020s,Medium,607422,5918,385,6:25,2026-06-22T01:30:35Z,9xaurwnm0jI,https://www.youtube.com/watch?v=9xaurwnm0jI
991,Ishq Mubarak Lyrics - Tum Bin 2 | Arijit Singh,Vibe Bird,English/International,2020s,Popular,3875688,35053,296,4:56,2025-09-10T14:29:50Z,2C_ZKkixuow,https://www.youtube.com/watch?v=2C_ZKkixuow
992,"Kesariya - Brahmāstra | Ranbir Kapoor, Alia Bhatt | Pritam | Arijit Singh | Amitabh Bhattacharya| 4K",Sony Music India,Hindi,2020s,Top Hit,618063906,6285362,173,2:53,2022-07-17T06:30:12Z,BddP6PYo2gs,https://www.youtube.com/watch?v=BddP6PYo2gs
993,Sukoon Mila Lyrics | Mary Kom | Arijit Singh |,Superhit Music,English/International,2020s,Popular,6895487,135446,257,4:17,2020-03-16T03:41:34Z,rtTHfr1n-dA,https://www.youtube.com/watch?v=rtTHfr1n-dA
994,Agar Tum Mi Jao Lyrics | Shreya Ghoshal | Emraan Hashmi | Anu Malik | RB Lyrics Lover,RB Lyrics Lover,English/International,2020s,Very Popular,59900211,489800,360,6:00,2020-09-26T09:53:39Z,olTVf-fKfKw,https://www.youtube.com/watch?v=olTVf-fKfKw
995,Purab Se (Om Namah Shivay) | Banaras | Shreya Ghoshal | AVS,Shreya Ghoshal AVS,English/International,2020s,Very Popular,85513869,709872,378,6:18,2020-02-21T20:29:14Z,FjKTtTsNU7c,https://www.youtube.com/watch?v=FjKTtTsNU7c
996,"Thodi Der | Half Girlfriend | Shreya Ghoshal, Farhan Saeed | Lyrics AVS Song",Shreya Ghoshal AVS,English/International,2020s,Popular,8573890,105395,295,4:55,2022-01-01T06:31:09Z,ryuHPNCDIUM,https://www.youtube.com/watch?v=ryuHPNCDIUM
997,Tabaah Ho Gaye,Shreya Ghoshal - Topic,English/International,2010s,Very Popular,17279445,149337,342,5:42,2019-04-09T09:08:44Z,g0I6iyRML6E,https://www.youtube.com/watch?v=g0I6iyRML6E
998,Deewani Mastani - Official Video Song | Deepika Padukone | Shreya Ghoshal | SLB | Bajirao Mastani,Sony Music India,Hindi,2010s,Top Hit,574296140,2858129,341,5:41,2016-05-04T04:30:00Z,h6lHUn20J5g,https://www.youtube.com/watch?v=h6lHUn20J5g
999,Saathiya - Shreya Ghoshal (Lyrics) | Lyrical Bam Hindi,LYRICAL BAM HINDI,Hindi,2020s,Popular,1824358,17760,289,4:49,2025-05-23T10:30:22Z,NrdFL9mHMxI,https://www.youtube.com/watch?v=NrdFL9mHMxI
1000,Suna Hai | Sanak | Shreya Ghoshal | Lyrics Song | AVS,Shreya Ghoshal AVS,English/International,2020s,Popular,4347489,43580,196,3:16,2023-01-30T16:23:00Z,UGIpJc3zylw,https://www.youtube.com/watch?v=UGIpJc3zylw
1001,"Ami Mishra, Shreya Ghoshal - Hasi (Female Version) (Lyric Video)",SonyMusicIndiaVEVO,English/International,2020s,Very Popular,23359706,122034,200,3:20,2024-07-26T14:42:56Z,Zvp-VBmoPmI,https://www.youtube.com/watch?v=Zvp-VBmoPmI
1002,HAAN HASI BAN GAYE (LYRICS) | SHREYA GHOSHAL | HAMARI ADHURI KAHANI,Edo SZ Lyrics,English/International,2020s,Very Popular,11432705,145348,193,3:13,2023-07-07T05:00:22Z,Q9So1rz5Asc,https://www.youtube.com/watch?v=Q9So1rz5Asc
1003,"""Sun Raha Hai Na Tu Female Version"" By Shreya Ghoshal Aashiqui 2 Full Video Song |",T-Series,Hindi,2010s,Top Hit,638420718,3525938,230,3:50,2013-05-14T19:23:22Z,inEu2qQuGZ8,https://www.youtube.com/watch?v=inEu2qQuGZ8
1004,Saiyaara Reprise Female Lyrics – Shreya Ghoshal,PlusMusicYT,English/International,2020s,Popular,2324462,18876,184,3:04,2025-09-15T12:30:54Z,ZXXLCaqOTsc,https://www.youtube.com/watch?v=ZXXLCaqOTsc
1005,Sunn Raha Hai,Shreya Ghoshal - Topic,English/International,2010s,Very Popular,18280402,163740,315,5:15,2015-06-23T12:29:43Z,1If9aw74Tj4,https://www.youtube.com/watch?v=1If9aw74Tj4
1006,"Namo Shankara - Shreya Ghoshal | Official Video | Kinjal Chatterjee, Shraddha Pandit | Mahashivratri",Shreya Ghoshal Official,English/International,2020s,Popular,2783536,77123,293,4:53,2025-02-21T05:30:24Z,mb0Aix5gZ4A,https://www.youtube.com/watch?v=mb0Aix5gZ4A
1007,Suna Suna - Shorted Version | Krishna Cottage | Shreya Ghoshal | Lyrical Song | AVS,Shreya Ghoshal AVS,English/International,2020s,Popular,5669741,48226,403,6:43,2023-05-06T02:01:33Z,sFI6P1TRwmo,https://www.youtube.com/watch?v=sFI6P1TRwmo
1008,Zammane Ki Sari Khusi - Shreya Ghoshal || Shreya Ghoshal New song || Hindi New Song || Romantic song,S P MUSIC,Hindi,2020s,Very Popular,51403400,0,258,4:18,2022-05-04T04:49:46Z,rIxDRRlcZwI,https://www.youtube.com/watch?v=rIxDRRlcZwI
1009,Yeh Aaina (Lyrics) | Kabir Singh | Shreya Ghoshal | AVS,Shreya Ghoshal AVS,English/International,2020s,Popular,2111429,20553,314,5:14,2022-04-22T08:54:50Z,dbnL7dmyj5o,https://www.youtube.com/watch?v=dbnL7dmyj5o
1010,Mara Hari Ne - @ShreyaGhoshalOfficial | Bhavna Labadiya | Priya Saraiya | Vaarso Season3,Priya Saraiya,English/International,2020s,Popular,3854177,37050,320,5:20,2025-04-18T05:10:17Z,ZGriLC0qD3s,https://www.youtube.com/watch?v=ZGriLC0qD3s
1011,"Tumhare Liye | Awarapan 2 | Emraan Hashmi, Disha Patani |Shreya Ghoshal, Aaryam, Wasif Ahmad, Sachin",Sony Music India,Hindi,2020s,Popular,2521646,38000,208,3:28,2026-08-23T05:41:49Z,8Mj-MjMFDxc,https://www.youtube.com/watch?v=8Mj-MjMFDxc
1012,Silsila Ye Chahat Ka (Lyrical Video) | Shreya Ghoshal | Devdas,Universal Music India,English/International,2020s,Very Popular,23701031,117401,308,5:08,2023-10-12T04:30:19Z,yWNzKpUVkN8,https://www.youtube.com/watch?v=yWNzKpUVkN8
1013,O Rangrez Live | Shreya Ghoshal | All Hearts Tour | Mumbai,Shreya Ghoshal Official,English/International,2020s,Medium,149395,3694,390,6:30,2026-07-19T05:30:06Z,G5kgWyNYcso,https://www.youtube.com/watch?v=G5kgWyNYcso
1014,Tera Intezaar | Shreya Ghoshal lyrics AVS Songs,Shreya Ghoshal AVS,English/International,2020s,Popular,6340332,82237,323,5:23,2021-08-27T03:48:35Z,wPkNQOQiCxk,https://www.youtube.com/watch?v=wPkNQOQiCxk
1015,"Prem Ki Leela | Krishnavataram | Shreya Ghoshal, Javed Ali, Irshad Kamil, Prasad S.",Saregama Music,Hindi,2020s,Very Popular,23806100,158807,160,2:40,2026-04-23T06:45:06Z,lAsJ_rCgbZE,https://www.youtube.com/watch?v=lAsJ_rCgbZE
1016,राधे कृष्ण की ज्योति अलोकिक | Radhe Krishna Ki Jyoti Alokik Lyrics | Vivah| Shreya Ghoshal | AVS,Shreya Ghoshal AVS,English/International,2020s,Very Popular,10283454,113163,137,2:17,2020-08-11T09:59:24Z,zQYtiU7qPso,https://www.youtube.com/watch?v=zQYtiU7qPso
1017,"Bairi Piya (Lyrical Video) | Udit Narayan, Shreya Ghoshal | Devdas",Universal Music India,English/International,2020s,Very Popular,12311985,64916,314,5:14,2023-10-16T06:30:07Z,c0udXSNMRhk,https://www.youtube.com/watch?v=c0udXSNMRhk
1018,Hamara Haal | Team - The Force | Shreya Ghoshal AVS,Shreya Ghoshal AVS,English/International,2010s,Very Popular,12442747,102657,340,5:40,2019-12-26T09:46:24Z,2nAFSbfNz_o,https://www.youtube.com/watch?v=2nAFSbfNz_o
1019,Dhadak - Title Track | Lyrical | Dhadak | Ishaan & Janhvi |Ajay Gogavale & Shreya Ghoshal |Ajay-Atul,Zee Music Company,Hindi,2010s,Very Popular,26637610,204736,253,4:13,2018-06-28T12:27:21Z,YKcgwUg39yY,https://www.youtube.com/watch?v=YKcgwUg39yY
1020,"CHAL TERA SHUKRIYA (LYRICS) | SHREYA GHOSHAL | JEET GANGULI | ADITYA ROY K, ALIA BHATT | SADAK 2",LyRics WriTes,English/International,2020s,Very Popular,9631936,137944,330,5:30,2020-09-09T03:26:00Z,ZBP1V5n3SHw,https://www.youtube.com/watch?v=ZBP1V5n3SHw
1021,"Prem Ki Leela Full Song Lyrics | Krishnavataram | Shreya G, Javed Ali, Suvarna T | Saregama Music",Ishqia Music,Hindi,2020s,Popular,1857465,17698,279,4:39,2026-04-28T08:48:37Z,3rkS74WaeFI,https://www.youtube.com/watch?v=3rkS74WaeFI
1022,Main Agar Kahoon || Shreya Ghoshal & Sonu Nigam Live In KBC,Arijitian AS,English/International,2020s,Medium,304709,5115,100,1:40,2024-09-25T18:02:26Z,QmjxL1HrUaI,https://www.youtube.com/watch?v=QmjxL1HrUaI
1023,Mohe Rang Do Laal - Official Video Song | Deepika Padukone | Bajirao Mastani | Shreya Ghoshal,Sony Music India,Hindi,2010s,Very Popular,86292568,473740,221,3:41,2016-01-06T06:30:00Z,XU3eFkY1BTI,https://www.youtube.com/watch?v=XU3eFkY1BTI
1024,Tere Mast Mast Do Nain - Rahat Fateh Ali Khan & Shreya Ghoshal (Lyrics) | Lyrical Bam Hindi,LYRICAL BAM HINDI,Hindi,2020s,Popular,5554411,43196,355,5:55,2024-04-25T10:30:25Z,gzuVaS02fLM,https://www.youtube.com/watch?v=gzuVaS02fLM
1025,Barso Re - Full Video | A.R. Rahman | Shreya Ghoshal | Aishwarya Rai | Uday Mazumdar | Guru,Sony Music India,Hindi,2010s,Top Hit,197943875,1336090,283,4:43,2015-08-21T07:00:00Z,asw-wTDzGUQ,https://www.youtube.com/watch?v=asw-wTDzGUQ
1026,MERA HUA (FEMALE) - Ek Deewane Ki Deewaniyat | Shreya Ghoshal | Harshvardhan & Sonam |Annkur |Sachin,Play DMF,English/International,2020s,Popular,7058135,55412,207,3:27,2025-10-23T05:30:34Z,sIpLZNhD5J4,https://www.youtube.com/watch?v=sIpLZNhD5J4
1027,"Saiyaara (Reprise - Female Version) Lyrics - Shreya Ghoshal, Faheem Abdullah",Vibe Bird,English/International,2020s,Very Popular,11562208,85582,184,3:04,2025-07-11T11:00:37Z,IXaPpDYgwYg,https://www.youtube.com/watch?v=IXaPpDYgwYg
1028,"Saibo - Lyrical Audio | Shor In The City | Radhika Apte, Tusshar Kapoor | Shreya Ghoshal",Sony Music India,Hindi,2020s,Very Popular,26245669,105103,202,3:22,2024-08-12T13:30:07Z,9Bmh6vaQt0s,https://www.youtube.com/watch?v=9Bmh6vaQt0s
1029,"Param Sundari -Official Video | Mimi | Kriti Sanon, Pankaj Tripathi | @ARRahman| Shreya Ghoshal",Sony Music India,Hindi,2020s,Top Hit,585842701,4554286,181,3:01,2021-07-16T06:30:14Z,w4ClQO0FFQg,https://www.youtube.com/watch?v=w4ClQO0FFQg
1030,O Bekhabar (Lyrics) - Shreya Ghoshal🎶 | Meri nazar dhoonde tujhe tu kaha✨,Sankalp Lyrics,English/International,2020s,Popular,2159209,13736,325,5:25,2025-07-10T11:41:43Z,ZkljN0mRjS0,https://www.youtube.com/watch?v=ZkljN0mRjS0
1031,Shreya Ghoshal – Tujhme Rab Dikhta Hai / I see God in you – In Hindi – English translation – WM4u,World music for u,Hindi,2020s,Medium,543167,4558,203,3:23,2022-04-14T10:10:49Z,VS6PlvSLxso,https://www.youtube.com/watch?v=VS6PlvSLxso
1032,Tujh Mein Rab Dikhta Hai (Lyrics) | Rab Ne Bana Di Jodi | Shreya Ghoshal | AVS,Shreya Ghoshal AVS,English/International,2020s,Popular,985250,9220,104,1:44,2022-04-24T18:10:04Z,yIJfk5opnlw,https://www.youtube.com/watch?v=yIJfk5opnlw
1033,LYRICS : BEPANAH PYAR HAI AAJA | SHREYA GHOSHAL | NILESH MISHRA | ANU MALIK | KRISHNA COTTAGE |,Lyrical King,English/International,2020s,Very Popular,10616336,111455,403,6:43,2022-08-29T05:14:16Z,yMUW3GEWNjo,https://www.youtube.com/watch?v=yMUW3GEWNjo
1034,"Ghar More Pardesiya - Lyrical | Kalank | Varun, Alia & Madhuri | Shreya & Vaishali | Pritam| Amitabh",Zee Music Company,Hindi,2020s,Very Popular,35930189,183459,329,5:29,2022-10-03T15:12:45Z,b5WF7yZcc1w,https://www.youtube.com/watch?v=b5WF7yZcc1w
1035,Manwa laage ( lyrics ) | Shreya ghoshal | Arijit Singh |,ASN Lyrics,English/International,2020s,Popular,4676836,0,274,4:34,2025-03-06T17:01:15Z,hK_Sey44PkU,https://www.youtube.com/watch?v=hK_Sey44PkU
1036,Jugraafiya - Full Video | Super 30 | Hrithik Roshan & Mrunal Thakur | Udit Narayan & Shreya Ghoshal,Zee Music Company,Hindi,2010s,Very Popular,80416940,535894,186,3:06,2019-11-14T12:18:28Z,gRRMSF0nB0c,https://www.youtube.com/watch?v=gRRMSF0nB0c
1037,"O Rangrez - Lyrical Video | Bhaag Milkha Bhaag | Farhan, Sonam | Shreya Ghoshal, Javed Bashir",Sony Music India,Hindi,2020s,Top Hit,174059686,882007,385,6:25,2024-09-25T10:30:19Z,jmpUP1MaQ9Q,https://www.youtube.com/watch?v=jmpUP1MaQ9Q
1038,Shreya Ghoshal sings Lag Ja Gale Once More with Symphony Orchestra of Hemantkumar Musical Group,Hemantkumar Mahale,English/International,2010s,Very Popular,34849714,345954,374,6:14,2018-10-18T18:45:00Z,VeTulWhLzd4,https://www.youtube.com/watch?v=VeTulWhLzd4
1039,Manwa laage (Lyrics) - Arijit Singh & Shreya Ghoshal | Happy New Year |,D-Muze India,English/International,2020s,Popular,2722739,17096,273,4:33,2026-01-30T12:01:25Z,g1g-Fpw7uTY,https://www.youtube.com/watch?v=g1g-Fpw7uTY
1040,Hasi (Female) Lyrics | Shreya Ghoshal | Hamari Adhuri Kahani,Superhit Music,English/International,2020s,Very Popular,20213414,229205,228,3:48,2020-11-17T13:14:30Z,u71CxnaY55w,https://www.youtube.com/watch?v=u71CxnaY55w
1041,PYAAR AATA HAI - Rito Riba & Shreya Ghoshal | Ishaan Khatter & Tara Sutaria | Rajat N| Rana | Anshul,Play DMF,English/International,2020s,Very Popular,40429685,381367,273,4:33,2025-03-07T05:30:02Z,W_1taX0Pvh4,https://www.youtube.com/watch?v=W_1taX0Pvh4
1042,Pal - Lyrical Video | Jalebi | Arijit Singh | Shreya Ghoshal | Rhea & Varun | Javed - Mohsin,Sony Music India,Hindi,2010s,Top Hit,326551777,1489044,252,4:12,2018-09-24T07:00:04Z,w8LcxY43N5Y,https://www.youtube.com/watch?v=w8LcxY43N5Y
1043,Rimjhim Gire Sawan | रिमझीम गिरे सावन | Music Teacher | Papon | Shreya Ghoshal | Rochak Kohli,Saregama Music,Hindi,2010s,Very Popular,11994276,142995,249,4:09,2019-04-17T07:14:51Z,5ljkifaQ8o8,https://www.youtube.com/watch?v=5ljkifaQ8o8
1044,"Saiyaara Reprise - Female | Full Song | Ahaan, Aneet | Tanishk, Faheem, Arslan | Shreya | Irshad",YRF,Hindi,2020s,Top Hit,292504654,1127865,184,3:04,2025-09-11T05:30:36Z,asG7cwxi1sA,https://www.youtube.com/watch?v=asG7cwxi1sA
1045,Ve Kamleya | Rocky Aur Rani Kii Prem Kahaani | Ranveer | Alia | Pritam | Amitabh | Arijit | Shreya,Saregama Music,Hindi,2020s,Top Hit,316580814,1569595,190,3:10,2023-07-18T12:15:09Z,QXJyMpxd210,https://www.youtube.com/watch?v=QXJyMpxd210
1046,"Arijit Singh, Shreya Ghoshal - Samjhawan - Lyric video | Alia B, Varun D | Humpty Sharma Ki Dulhania",Sony Music India,Hindi,2010s,Top Hit,461614742,2864570,266,4:26,2014-07-11T12:00:04Z,H2f7MZaw3Yo,https://www.youtube.com/watch?v=H2f7MZaw3Yo
1047,Piyu Bole | Parineeta | Saif Ali Khan & Vidya Balan | Sonu Nigam & Shreya Ghoshal,Zee Music Company,Hindi,2010s,Very Popular,67286113,501639,299,4:59,2018-07-11T13:07:38Z,ZAkr0KFFLLs,https://www.youtube.com/watch?v=ZAkr0KFFLLs
1048,"Nazrein Karam - Video Song | K.K., Shreya Ghoshal | Jashnn | Adhyayan Suman, Anjana Sukhani",T-Series Bollywood Classics,Hindi,2020s,Popular,1135428,15691,313,5:13,2026-04-20T05:38:38Z,VWbnpjhLVAU,https://www.youtube.com/watch?v=VWbnpjhLVAU
1049,MAINE TERA NAAM DIL RAKH DIYA FEMALE VERSION (LYRICS) - SHREYA GHOSHAL | EK VILLAIN RETURNS,Lyrics Writer,English/International,2020s,Popular,965559,11323,314,5:14,2024-10-13T12:08:44Z,3HPBlgXtkO0,https://www.youtube.com/watch?v=3HPBlgXtkO0
1050,"Tere Hawaale (Arijit Singh - Shreya Ghoshal Duet) | Laal Singh Chaddha | Aamir, Kareena | Pritam",T-Series,Hindi,2020s,Very Popular,30319506,134840,368,6:08,2025-04-08T05:30:41Z,FiENDQapd4g,https://www.youtube.com/watch?v=FiENDQapd4g
1051,Jadu Hai Nasha Hai | Shreya Ghoshal | Shaan | M.M. Kreem | Jism | Audio Song,Saregama Music,Hindi,2010s,Very Popular,56760704,304756,349,5:49,2017-10-29T03:30:01Z,gTSL0Rv0am4,https://www.youtube.com/watch?v=gTSL0Rv0am4
1052,OFFICIAL: 'Manwa Laage' FULL VIDEO Song | Happy New Year | Shah Rukh Khan | Arijit Singh,T-Series,Hindi,2010s,Top Hit,432199525,2482168,269,4:29,2014-11-07T06:20:41Z,d8IT-16kA8M,https://www.youtube.com/watch?v=d8IT-16kA8M
1053,Shreya Ghoshal sings Dhadak Title Track with Symphony Orchestra of Hemantkumar Musical Group,Hemantkumar Mahale,English/International,2010s,Very Popular,14893128,172882,254,4:14,2018-10-10T19:15:00Z,mw8wEF4WbLo,https://www.youtube.com/watch?v=mw8wEF4WbLo
1054,Vaaroon Forever (Official Video) | Mirzapur The Movie | Shreya Ghoshal | Romy | Anand B | Ginny D,Excel Movies,English/International,2020s,Very Popular,17162339,113150,253,4:13,2026-08-18T08:26:50Z,SQ4jZ-EAL88,https://www.youtube.com/watch?v=SQ4jZ-EAL88
1055,Suna Suna | Full Audio | Krishna Cottage | Shreya Ghoshal | Anu Malik | Sohail Khan | Isha Koppikar,Times Music,English/International,2020s,Very Popular,23316705,202063,450,7:30,2020-08-04T05:29:24Z,NCvOzlvW2EA,https://www.youtube.com/watch?v=NCvOzlvW2EA
1056,"Dagabaaz Re (Lyrics) - Rahat Fateh Ali Khan, Shreya Ghoshal | Dabangg 2 |",D-Muze India,English/International,2020s,Popular,2626359,15922,288,4:48,2026-01-23T12:00:29Z,KiWeFSb0azE,https://www.youtube.com/watch?v=KiWeFSb0azE
1057,"Aisa Deewana Lyrical Video Song | Dil Maange More | Sonu Nigam | Himesh R|Shahid Kapoor, Tulip Joshi",T-Series Bollywood Classics,Hindi,2010s,Top Hit,403856450,1289880,310,5:10,2019-02-04T10:47:16Z,X4TyG9grBSw,https://www.youtube.com/watch?v=X4TyG9grBSw
1058,Sonu Nigam Performing Abhi Mujh Me Kahin -Gima 2012,Múhasin,English/International,2010s,Very Popular,47998715,428655,407,6:47,2012-12-04T11:53:45Z,9DqSN6GyNUI,https://www.youtube.com/watch?v=9DqSN6GyNUI
1059,"Dil Dooba Lyrical Video Song | Khakee | Sonu Nigam, Shreya Ghoshal | Aishwarya Rai, Akshaye Kumar",T-Series Bollywood Classics,Hindi,2010s,Top Hit,98728096,564925,228,3:48,2019-04-23T09:34:04Z,SAiyopkF22M,https://www.youtube.com/watch?v=SAiyopkF22M
1060,Sonu Nigam - Tu - Official Music Video | Sonu Nigam | Biddu | Kismat,SonyMusicIndiaVEVO,English/International,2020s,Popular,5642860,38149,254,4:14,2024-10-30T06:27:11Z,xxhThAj7aSA,https://www.youtube.com/watch?v=xxhThAj7aSA
1061,"Abhi Mujh Mein Kahin Lyric Video | Agneepath | Hrithik Roshan, Priyanka C | Sonu Nigam | Ajay-Atul",Sony Music India,Hindi,2020s,Very Popular,15418980,102751,366,6:06,2024-06-23T08:42:07Z,usSA3mPzOJY,https://www.youtube.com/watch?v=usSA3mPzOJY
1062,"Sapna Jahan Full Video - Brothers|Akshay Kumar, Jacqueline|Sonu Nigam, Neeti Mohan",SonyMusicIndiaVEVO,English/International,2010s,Top Hit,95396552,1157195,347,5:47,2015-10-09T07:00:00Z,lHJp_3g2MAI,https://www.youtube.com/watch?v=lHJp_3g2MAI
1063,Jab Tum Aa Jaate Ho (Lyrical Video) | Sonu Nigam | Kavita Krishnamurthy | Revibe | Hindi Songs,Universal Music India,Hindi,2020s,Very Popular,16559232,71647,404,6:44,2023-09-04T09:30:10Z,X8TdLtS_8jE,https://www.youtube.com/watch?v=X8TdLtS_8jE
1064,Chunni ( Official Video ) | Sonu Nigam & Renuka Panwar | Charmee Zaveri | New Haryanvi Song 2026,I Believe Music,English/International,2020s,Popular,4175818,92923,125,2:05,2026-08-07T12:55:38Z,QzfO93q8SOY,https://www.youtube.com/watch?v=QzfO93q8SOY
1065,"Tumse Milke Dil Ka - Video Song | Main Hoon Na | Sonu Nigam | Anu Malik | Shahrukh Khan,Sushmita Sen",T-Series Bollywood Classics,Hindi,2020s,Very Popular,12233537,66414,342,5:42,2025-12-09T13:31:03Z,rIujePFpuCU,https://www.youtube.com/watch?v=rIujePFpuCU
1066,Unko Pahunchi Khabar Jab Meri Maut Ki (Song): Sonu Nigam | Bewafa Sanam | Hindi Superhit Sad Song,Pop Chartbusters,Hindi,2020s,Popular,3538836,13227,381,6:21,2026-05-23T05:30:22Z,iBPSXBzLVPk,https://www.youtube.com/watch?v=iBPSXBzLVPk
1067,"Mitti Ke Bete - Live at INS Vikrant | BORDER 2 | Sunny Deol | Mithoon, Sonu Nigam, Manoj Muntashir",T-Series,Hindi,2020s,Very Popular,20843692,281648,437,7:17,2026-01-18T05:30:02Z,YQqJCk_BjNU,https://www.youtube.com/watch?v=YQqJCk_BjNU
1068,Dil Pe Chalayi Chooriyan Lyrical Video Song | Bewafa Sanam | Sonu Nigam | Dil Pe Chalayi Churiyan,T-Series Bollywood Classics,Hindi,2020s,Very Popular,25014206,167093,362,6:02,2025-06-18T11:25:03Z,_wtGQROctKg,https://www.youtube.com/watch?v=_wtGQROctKg
1069,जिंदगी की राहों में रंजो गम के मेले है सोनू निगम || Jindagi ki rahon mein ranjo gam ke mele Hain ||,My Dream is Music with RAJA,English/International,2020s,Popular,8130765,42196,330,5:30,2024-01-26T08:03:30Z,OsY7sliRK2U,https://www.youtube.com/watch?v=OsY7sliRK2U
1070,Ab Mujhe Raat Din (Song): Sonu Nigam | Deewana | Sajid-Wajid | Faaiz Anwaar | Tumhara Hi Khayal Hai,T-Series,Hindi,2020s,Medium,259052,3068,266,4:26,2026-05-16T09:30:12Z,T6VXCvK9NR4,https://www.youtube.com/watch?v=T6VXCvK9NR4
1071,"""Mujhe Raat Din Bas"" Lyrical Video | Sangharsh | Sonu Nigam | Akshay Kumar, Priety Zinta, Aman Verma",T-Series Bollywood Classics,Hindi,2010s,Top Hit,141566730,515584,308,5:08,2017-02-06T07:14:49Z,DqkG0fuPiO0,https://www.youtube.com/watch?v=DqkG0fuPiO0
1072,"Satrangi Re - Lyrical | Dil Se | Shah Rukh Khan & Manisha Koirala | Sonu Nigam, Kavita Krishnamurti",Ishtar Music,English/International,2020s,Very Popular,10889840,60380,448,7:28,2021-03-23T15:30:01Z,OClXVLsI4jM,https://www.youtube.com/watch?v=OClXVLsI4jM
1073,"Do Pal Song | Veer-Zaara | Shah Rukh Khan, Preity Zinta | Madan Mohan | Lata Mangeshkar, Sonu Nigam",YRF,Hindi,2010s,Top Hit,332596251,2040341,254,4:14,2017-07-10T16:30:00Z,HPsxxBhv9kc,https://www.youtube.com/watch?v=HPsxxBhv9kc
1074,Chanda Ki Doli Mein Title Track - Full Video Song - Sonu Nigam,Pop Chartbusters,English/International,2010s,Very Popular,12737000,101414,321,5:21,2011-09-14T08:44:30Z,lhhwWbnpsQM,https://www.youtube.com/watch?v=lhhwWbnpsQM
1075,SONU NIGAM | Mother's Day Special | Koi Nahin Pardes Mein Mera | Happy Mother's Day,T-Series Bhakti Sagar,Hindi,2020s,Very Popular,66727785,215525,417,6:57,2024-05-12T00:30:20Z,oqjRSnWwHQc,https://www.youtube.com/watch?v=oqjRSnWwHQc
1076,Diwana Hai Ye Man (Lyrical Video) | Sonu Nigam |  Alka Yagnik Anu Malik | Chori Chori Chupke Chupke,Universal Music India,English/International,2020s,Very Popular,12125714,60317,419,6:59,2023-09-29T08:30:11Z,LM2kxpwQ3sA,https://www.youtube.com/watch?v=LM2kxpwQ3sA
1077,"Jaan Le Gayi - Bhoomi 2024 | Sonu Nigam, Vishal Dadlani | Salim Sulaiman | Shraddha Pandit",Salim Sulaiman Music,English/International,2020s,Popular,4854147,98676,325,5:25,2024-12-11T06:30:07Z,QFOc87QseSU,https://www.youtube.com/watch?v=QFOc87QseSU
1078,"Raju Singh, Sonu Nigam, Shreya Ghoshal - Soniyo (From ""Raaz - The Mystery Continues"")",SonyMusicIndiaVEVO,English/International,2020s,Very Popular,20017099,161801,329,5:29,2024-01-21T11:12:51Z,CeSCOLLi9A0,https://www.youtube.com/watch?v=CeSCOLLi9A0
1079,"Soniyo  - Raaz 2 | Kangana Ranaut, Emraan H | Shreya Ghoshal,  Sonu Nigam | Kumaar | 4K",Sony Music India,Hindi,2020s,Very Popular,36352549,157438,330,5:30,2023-03-30T06:00:13Z,N57zVA-cRUM,https://www.youtube.com/watch?v=N57zVA-cRUM
1080,"Is Pal Song | Aaja Nachle | Kunal Kapoor, Konkona Sen | Sonu Nigam | Shreya Ghoshal | Salim-Sulaiman",YRF,Hindi,2000s,Popular,6349006,38598,141,2:21,2009-04-10T13:49:55Z,d9p32sk1L-g,https://www.youtube.com/watch?v=d9p32sk1L-g
1081,Yuhin Tum Mujhse Baat (Sonu Nigam & Anuradha Paudwal),RiZmatics,English/International,2020s,Popular,953937,8011,262,4:22,2021-01-06T16:00:12Z,jYJI6OD_KQA,https://www.youtube.com/watch?v=jYJI6OD_KQA
1082,Shiv Shankara (Official Video) | शिव शंकर: | Sonu Nigam |Om Namah Shivaya | Shiva Songs | Sawan 2026,Times Music Spiritual,English/International,2010s,Very Popular,28647413,621212,342,5:42,2019-03-01T11:20:04Z,gLS_i0PIkpM,https://www.youtube.com/watch?v=gLS_i0PIkpM
1083,"Chori Kiya Re Jiya - Full Song | Dabangg | Salman Khan, Sonakshi Sinha | Sonu Nigam | tinyaudio",tinyaudio,English/International,2020s,Popular,8987525,80651,289,4:49,2022-11-27T15:31:55Z,rxgF5Ng2Exw,https://www.youtube.com/watch?v=rxgF5Ng2Exw
1084,"Salim-Sulaiman, Sonu Nigam, Shreya Ghoshal, Salim Sadruddin Merchant - Shukran Allah (Lyric Video)",SonyMusicIndiaVEVO,English/International,2020s,Very Popular,21902302,103136,289,4:49,2024-10-03T07:00:12Z,HbHpNpIGI7Q,https://www.youtube.com/watch?v=HbHpNpIGI7Q
1085,Ee Sanje Yakagide - HD Video Song - Geleya - Sonu Nigam | Tarun Chandra | Kirat Bhattal,SGV Sandalwood Songs,English/International,2020s,Very Popular,10579065,57580,296,4:56,2022-06-04T11:30:19Z,qhoDsfJDGvg,https://www.youtube.com/watch?v=qhoDsfJDGvg
1086,teri kasam teri raahon mein aakar lyrics (तेरी कसम तेरी राहों में आकर लिरिक्स) sonu nigam #lyrics,CREATOR RAJKISHOR,English/International,2020s,Popular,1547682,5655,373,6:13,2023-02-26T15:04:13Z,oXYmAqndhCw,https://www.youtube.com/watch?v=oXYmAqndhCw
1087,Kal Ho Naa Ho - Official Audio Song | Sonu Nigam | Shankar Ehsaan Loy | Javed Akhtar,SonyMusicIndiaVEVO,English/International,2010s,Very Popular,19371098,110349,323,5:23,2017-05-29T08:30:00Z,oq5Ocx_rEv8,https://www.youtube.com/watch?v=oq5Ocx_rEv8
1088,"LYRICAL: Main Agar Kahoon | Om Shanti Om | Shahrukh Khan,Deepika Padukone | Sonu Nigam,Shreya Ghosal",T-Series,Hindi,2010s,Top Hit,489914636,2699043,329,5:29,2019-09-02T08:30:00Z,DAYszemgPxc,https://www.youtube.com/watch?v=DAYszemgPxc
1089,"Hum Nahin (HD) Full Video Song | Hungama | Akshaye Khanna, Rimi Sen, Aftab Shivdasani |",Ishtar Music,English/International,2010s,Very Popular,45925451,265477,291,4:51,2014-08-04T12:46:37Z,cjpWGKQtRoc,https://www.youtube.com/watch?v=cjpWGKQtRoc
1090,"Saathiya Full Song | Vivek Oberoi, Rani Mukerji | Sonu Nigam | A R Rahman | Gulzar | Saathiya Song",YRF,Hindi,2010s,Very Popular,75193346,465648,328,5:28,2015-01-24T07:28:40Z,eMA6GHTQ4WA,https://www.youtube.com/watch?v=eMA6GHTQ4WA
1091,"Roop Salona Tera Dekh Ke | Sonu Nigam, Poornima | Jaani Dushman 2000 Songs | Akshay Kumar, Rambha",Goldmines Gaane Sune Ansune,English/International,2010s,Very Popular,23671021,74349,364,6:04,2016-07-26T02:30:02Z,6yWRW4OrKCI,https://www.youtube.com/watch?v=6yWRW4OrKCI
1092,"Dekho Na | Full Song | Fanaa | Aamir Khan, Kajol | Sonu Nigam, Sunidhi Chauhan, Jatin-Lalit, Prasoon",YRF,Hindi,2010s,Very Popular,45236870,197842,316,5:16,2012-01-23T12:56:29Z,v4h5iPlxj0c,https://www.youtube.com/watch?v=v4h5iPlxj0c
1093,Kabhi Alvida Naa Kehna - Lyrical Video | Shah Rukh Khan | Rani Mukherjee | Sonu Nigam | Alka Yagnik,Sony Music India,Hindi,2020s,Very Popular,26113251,116054,478,7:58,2024-12-11T11:15:04Z,nmTp_esz_Q8,https://www.youtube.com/watch?v=nmTp_esz_Q8
1094,Satarangi Re,Sonu Nigam - Topic,English/International,2010s,Popular,4447935,32546,446,7:26,2016-12-24T16:32:19Z,_5b4BnwEzcw,https://www.youtube.com/watch?v=_5b4BnwEzcw
1095,"Tumhi Dekho Naa Full Video - KANK|Shahrukh Khan, Rani Mukherjee|Sonu Nigam, Alka Yagnik",SonyMusicIndiaVEVO,English/International,2010s,Top Hit,154391938,762240,296,4:56,2014-05-21T22:18:19Z,DULDIS2qlCU,https://www.youtube.com/watch?v=DULDIS2qlCU
1096,Rudrashtakam | Official Music Video | Sonu Nigam | I Believe Music | Global Music Junction,Sonu Nigam,English/International,2020s,Popular,5006229,164364,564,9:24,2020-08-02T10:13:41Z,V-R5lSjfMpA,https://www.youtube.com/watch?v=V-R5lSjfMpA
1097,Bappa Morya Re | Sonu Nigam | Official Song of Shrimant Dagdusheth Ganpati | Ganesh Chaturthi 2025,Shemaroo Bhakti,English/International,2020s,Popular,949961,6651,361,6:01,2025-08-28T00:30:06Z,9eORiU8pN2k,https://www.youtube.com/watch?v=9eORiU8pN2k
1098,"Lyrical: Deewane Hoke Hum Milne Lage Sanam ""Sonu Nigam"" Jaan | Feat. Sandali Sinha,Himanshu Mallik",Pop Chartbusters,English/International,2010s,Popular,6762267,40291,273,4:33,2018-08-07T12:52:06Z,rdAA6u77id0,https://www.youtube.com/watch?v=rdAA6u77id0
1099,Mannata Ve – Lyrical Video | Sonu Nigam | Kavita Krishnamurty | Salman Khan | Preity Zinta | Heroes,SonyMusicIndiaVEVO,English/International,2020s,Very Popular,9613512,41664,315,5:15,2026-01-02T08:00:45Z,YLcVBmshcwA,https://www.youtube.com/watch?v=YLcVBmshcwA
1100,"Mannat | Holi Song | Daawat-e-Ishq | Aditya Roy Kapur, Parineeti Chopra | Sonu Nigam, Shreya Ghoshal",YRF,Hindi,2010s,Top Hit,104711830,550192,351,5:51,2014-09-26T05:45:54Z,_7dxX6mF0Iw,https://www.youtube.com/watch?v=_7dxX6mF0Iw
1101,"Meri Duniya Hai Lyrical Video | Vaastav -The Reality | Sonu Nigam,Kavita Krishnamurthy | Sanjay Dutt",T-Series Bollywood Classics,Hindi,2010s,Very Popular,90140830,357518,265,4:25,2016-11-22T06:25:42Z,vObyE_OR8Aw,https://www.youtube.com/watch?v=vObyE_OR8Aw
1102,"Apnaa Mujhe Tu Lagaa Lyrical | 1920 Evil Returns | Aftab Shivdasani, Sonu Nigam",T-Series,Hindi,2010s,Top Hit,108412483,756539,385,6:25,2018-12-16T08:30:00Z,KIzCpTA2p5Y,https://www.youtube.com/watch?v=KIzCpTA2p5Y
1103,"Koi Tumsa Nahin Lyrical Video Song | Krrish |Sonu Nigam,Shreya Ghosal|Hrithik Roshan,Priyanka Chopra",T-Series Bollywood Classics,Hindi,2020s,Very Popular,80799967,362910,372,6:12,2020-01-30T13:00:02Z,AcdylHwugeA,https://www.youtube.com/watch?v=AcdylHwugeA
